circuit_name,base_name,signal_name,subgraph_index,similarity,detection_time,node_count,edge_count
PIC16F84-T100,PIC16F84,top.add_node,0,1.0,1.8362641334533691,13,12
PIC16F84-T100,PIC16F84,top.addlow_node,1,0.9999999,0.05193734169006348,19,18
PIC16F84-T100,PIC16F84,top.addr_eecon1,2,1.0000001,0.041683197021484375,7,6
PIC16F84-T100,PIC16F84,top.addr_eecon2,3,1.0000001,0.06676936149597168,7,6
PIC16F84-T100,PIC16F84,top.addr_eep_adr,4,1.0000001,0.0666351318359375,7,6
PIC16F84-T100,PIC16F84,top.addr_eep_dat,5,1.0000001,0.05365633964538574,7,6
PIC16F84-T100,PIC16F84,top.addr_fsr,6,1.0000001,0.058620452880859375,7,6
PIC16F84-T100,PIC16F84,top.addr_intcon,7,1.0,0.08040380477905273,7,6
PIC16F84-T100,PIC16F84,top.addr_option,8,1.0000001,0.04917764663696289,7,6
PIC16F84-T100,PIC16F84,top.addr_pcl,9,1.0000001,0.07871603965759277,7,6
PIC16F84-T100,PIC16F84,top.addr_pclath,10,1.0,0.06256341934204102,7,6
PIC16F84-T100,PIC16F84,top.addr_porta,11,1.0000001,0.05903363227844238,7,6
PIC16F84-T100,PIC16F84,top.addr_portb,12,1.0000001,0.06729578971862793,7,6
PIC16F84-T100,PIC16F84,top.addr_sram,13,1.0000001,0.06440043449401855,7,6
PIC16F84-T100,PIC16F84,top.addr_stat,14,1.0,0.059098243713378906,7,6
PIC16F84-T100,PIC16F84,top.addr_tmr0,15,1.0,0.05709695816040039,7,6
PIC16F84-T100,PIC16F84,top.addr_trisa,16,0.99999994,0.07206368446350098,7,6
PIC16F84-T100,PIC16F84,top.addr_trisb,17,0.99999994,0.06081533432006836,7,6
PIC16F84-T100,PIC16F84,top.aluinp1_reg,18,1.0,0.07491874694824219,78,82
PIC16F84-T100,PIC16F84,top.aluinp2_reg,19,0.9999998,0.07992768287658691,45,51
PIC16F84-T100,PIC16F84,top.aluout_reg,20,0.9999998,0.10100197792053223,96,113
PIC16F84-T100,PIC16F84,top.aluout_zero_node,21,1.0,0.07959699630737305,7,6
PIC16F84-T100,PIC16F84,top.clk_o_reg,22,1.0,0.12449407577514648,20,26
PIC16F84-T100,PIC16F84,top.Counter,23,0.9879283,0.11426806449890137,89,109
PIC16F84-T100,PIC16F84,top.dtemp,24,1.0000001,0.10937380790710449,19,18
PIC16F84-T100,PIC16F84,top.eecon1_reg,25,0.9999999,0.26253366470336914,164,240
PIC16F84-T100,PIC16F84,top.eep_adr_reg,26,1.0000001,0.1004171371459961,29,39
PIC16F84-T100,PIC16F84,top.eep_dat_reg,27,0.9999999,0.08028554916381836,39,51
PIC16F84-T100,PIC16F84,top.exec_op_reg,28,1.0,0.09299874305725098,58,67
PIC16F84-T100,PIC16F84,top.fsr_reg,29,1.0,0.08458495140075684,29,39
PIC16F84-T100,PIC16F84,top.inc_pc_node,30,0.99999994,0.04773426055908203,4,3
PIC16F84-T100,PIC16F84,top.inc_tmr_clk,31,1.0,0.06437969207763672,8,7
PIC16F84-T100,PIC16F84,top.inc_tmr_hold_reg,32,0.99999994,0.07338738441467285,36,48
PIC16F84-T100,PIC16F84,top.inc_tmr_sync_reg,33,1.0000001,0.0519261360168457,7,6
PIC16F84-T100,PIC16F84,top.inst_addlw,34,1.0000002,0.02821969985961914,7,6
PIC16F84-T100,PIC16F84,top.inst_addwf,35,1.0000001,0.08484435081481934,7,6
PIC16F84-T100,PIC16F84,top.inst_andlw,36,1.0000002,0.08574271202087402,7,6
PIC16F84-T100,PIC16F84,top.inst_andwf,37,1.0000001,0.06104588508605957,7,6
PIC16F84-T100,PIC16F84,top.inst_bcf,38,1.0,0.05903744697570801,7,6
PIC16F84-T100,PIC16F84,top.inst_bsf,39,1.0,0.051412343978881836,7,6
PIC16F84-T100,PIC16F84,top.inst_btfsc,40,1.0,0.06140303611755371,7,6
PIC16F84-T100,PIC16F84,top.inst_btfss,41,1.0,0.06603002548217773,7,6
PIC16F84-T100,PIC16F84,top.inst_call,42,1.0000001,0.07449889183044434,7,6
PIC16F84-T100,PIC16F84,top.inst_clrf,43,1.0,0.09077954292297363,7,6
PIC16F84-T100,PIC16F84,top.inst_clrw,44,1.0,0.06662750244140625,7,6
PIC16F84-T100,PIC16F84,top.inst_clrwdt,45,1.0000001,0.07738089561462402,4,3
PIC16F84-T100,PIC16F84,top.inst_comf,46,1.0,0.06012725830078125,7,6
PIC16F84-T100,PIC16F84,top.inst_decf,47,1.0,0.06698989868164062,7,6
PIC16F84-T100,PIC16F84,top.inst_decfsz,48,1.0000001,0.0765082836151123,7,6
PIC16F84-T100,PIC16F84,top.inst_goto,49,1.0000001,0.05709576606750488,7,6
PIC16F84-T100,PIC16F84,top.inst_incf,50,1.0000001,0.07934904098510742,7,6
PIC16F84-T100,PIC16F84,top.inst_incfsz,51,1.0000001,0.08092212677001953,7,6
PIC16F84-T100,PIC16F84,top.inst_iorlw,52,1.0000002,0.07543277740478516,7,6
PIC16F84-T100,PIC16F84,top.inst_iorwf,53,1.0000001,0.07768392562866211,7,6
PIC16F84-T100,PIC16F84,top.inst_movf,54,1.0,0.06247735023498535,7,6
PIC16F84-T100,PIC16F84,top.inst_movlw,55,1.0,0.06435465812683105,7,6
PIC16F84-T100,PIC16F84,top.inst_movwf,56,1.0,0.07366108894348145,7,6
PIC16F84-T100,PIC16F84,top.inst_reg,57,1.0,0.06500744819641113,19,26
PIC16F84-T100,PIC16F84,top.inst_ret,58,0.99999994,0.07812070846557617,4,3
PIC16F84-T100,PIC16F84,top.inst_retfie,59,0.99999994,0.06344819068908691,4,3
PIC16F84-T100,PIC16F84,top.inst_retlw,60,1.0,0.08194375038146973,7,6
PIC16F84-T100,PIC16F84,top.inst_rlf,61,1.0000002,0.07719755172729492,7,6
PIC16F84-T100,PIC16F84,top.inst_rrf,62,1.0000002,0.06382513046264648,7,6
PIC16F84-T100,PIC16F84,top.inst_sleep,63,1.0000001,0.06911277770996094,4,3
PIC16F84-T100,PIC16F84,top.inst_sublw,64,1.0000002,0.08004403114318848,7,6
PIC16F84-T100,PIC16F84,top.inst_subwf,65,1.0000001,0.06023263931274414,7,6
PIC16F84-T100,PIC16F84,top.inst_swapf,66,1.0000001,0.06374740600585938,7,6
PIC16F84-T100,PIC16F84,top.inst_xorlw,67,1.0000001,0.09054064750671387,7,6
PIC16F84-T100,PIC16F84,top.inst_xorwf,68,1.0,0.04886364936828613,7,6
PIC16F84-T100,PIC16F84,top.int_node,69,1.0000001,0.06403541564941406,38,44
PIC16F84-T100,PIC16F84,top.intclr0,70,0.99999994,0.07140493392944336,5,4
PIC16F84-T100,PIC16F84,top.intclr1,71,0.99999994,0.05847787857055664,5,4
PIC16F84-T100,PIC16F84,top.intclr2,72,0.99999994,0.05709099769592285,5,4
PIC16F84-T100,PIC16F84,top.intclr3,73,0.99999994,0.051555633544921875,5,4
PIC16F84-T100,PIC16F84,top.intclr4,74,0.99999994,0.07187628746032715,5,4
PIC16F84-T100,PIC16F84,top.intclr_reg,75,1.0,0.0867457389831543,46,56
PIC16F84-T100,PIC16F84,top.intcon_reg,76,1.0,0.13294267654418945,179,252
PIC16F84-T100,PIC16F84,top.intdown_reg,77,0.9999997,0.09301090240478516,77,135
PIC16F84-T100,PIC16F84,top.inte,78,1.0,0.07770061492919922,7,6
PIC16F84-T100,PIC16F84,top.intrise_reg,79,1.0,0.06335759162902832,69,116
PIC16F84-T100,PIC16F84,top.intstart_reg,80,1.0,0.07225513458251953,31,40
PIC16F84-T100,PIC16F84,top.mask_node,81,1.0000001,0.06768274307250977,7,6
PIC16F84-T100,PIC16F84,top.option_reg,82,1.0,0.0606389045715332,30,39
PIC16F84-T100,PIC16F84,top.pc_reg,83,1.0,0.062212467193603516,71,83
PIC16F84-T100,PIC16F84,top.pclath_reg,84,0.99999994,0.06332087516784668,33,42
PIC16F84-T100,PIC16F84,top.porta_i_sync_reg,85,0.9999999,0.06597161293029785,10,11
PIC16F84-T100,PIC16F84,top.porta_o_reg,86,1.0000001,0.08418011665344238,32,42
PIC16F84-T100,PIC16F84,top.portb_i_sync_reg,87,0.9999999,0.08399510383605957,10,11
PIC16F84-T100,PIC16F84,top.portb_o_reg,88,1.0000001,0.08712196350097656,29,39
PIC16F84-T100,PIC16F84,top.prog_adr_o,89,0.9882322,0.0693352222442627,8,8
PIC16F84-T100,PIC16F84,top.ps_clk,90,1.0000001,0.06168198585510254,12,12
PIC16F84-T100,PIC16F84,top.ps_full_reg,91,1.0,0.0793921947479248,11,10
PIC16F84-T100,PIC16F84,top.pscale_reg,92,1.0000001,0.07120418548583984,12,12
PIC16F84-T100,PIC16F84,top.ram_adr_node,93,1.0000001,0.07990360260009766,21,22
PIC16F84-T100,PIC16F84,top.ram_adr_reg,94,1.0,0.06505250930786133,21,29
PIC16F84-T100,PIC16F84,top.ram_i_node,95,1.0000001,0.12813806533813477,131,155
PIC16F84-T100,PIC16F84,top.rateval,96,0.9999999,0.07447361946105957,63,69
PIC16F84-T100,PIC16F84,top.rb0_int,97,1.0,0.06420469284057617,14,13
PIC16F84-T100,PIC16F84,top.rb4_int,98,0.99999994,0.08192086219787598,10,9
PIC16F84-T100,PIC16F84,top.rb5_int,99,0.99999994,0.07112455368041992,10,9
PIC16F84-T100,PIC16F84,top.rb6_int,100,0.99999994,0.07340359687805176,10,9
PIC16F84-T100,PIC16F84,top.rb7_int,101,0.99999994,0.06533932685852051,10,9
PIC16F84-T100,PIC16F84,top.rbint,102,1.0,0.0612642765045166,13,12
PIC16F84-T100,PIC16F84,top.rbpu_o,103,0.99999994,0.06190156936645508,5,4
PIC16F84-T100,PIC16F84,top.rd_eep_req_o,104,1.0000001,0.07709884643554688,5,4
PIC16F84-T100,PIC16F84,top.readram_o,105,1.0000001,0.07083749771118164,7,6
PIC16F84-T100,PIC16F84,top.reset_cond,106,1.0,0.06749415397644043,11,10
PIC16F84-T100,PIC16F84,top.sleepflag_reg,107,0.99999994,0.07554864883422852,48,65
PIC16F84-T100,PIC16F84,top.stack_pnt_reg,108,0.9999999,0.08110451698303223,44,59
PIC16F84-T100,PIC16F84,top.startclk_o,109,1.0,0.07715773582458496,12,11
PIC16F84-T100,PIC16F84,top.state_reg,110,1.0000001,0.08604574203491211,44,53
PIC16F84-T100,PIC16F84,top.status_reg,111,1.0000002,0.14864826202392578,236,340
PIC16F84-T100,PIC16F84,top.temp,112,1.0000001,0.07485198974609375,13,12
PIC16F84-T100,PIC16F84,top.tmr0_reg,113,0.99999994,0.06716585159301758,38,48
PIC16F84-T100,PIC16F84,top.trisa_reg,114,1.0,0.06593465805053711,33,42
PIC16F84-T100,PIC16F84,top.trisb_reg,115,0.99999994,0.05686306953430176,30,39
PIC16F84-T100,PIC16F84,top.w_reg,116,1.0000001,0.07771539688110352,27,36
PIC16F84-T100,PIC16F84,top.wdt_clr_ack,117,1.0,0.04088473320007324,5,4
PIC16F84-T100,PIC16F84,top.wdt_clr_reg,118,0.99999994,0.06994843482971191,31,33
PIC16F84-T100,PIC16F84,top.wdt_clr_req_reg,119,1.0,0.04408669471740723,13,14
PIC16F84-T100,PIC16F84,top.wdt_clr_reqhold_reg,120,1.0000001,0.07687640190124512,30,34
PIC16F84-T100,PIC16F84,top.wdt_full_clr_reg,121,0.99999994,0.05527067184448242,14,13
PIC16F84-T100,PIC16F84,top.wdt_full_node,122,1.0,0.05426335334777832,13,14
PIC16F84-T100,PIC16F84,top.wdt_full_reg,123,0.99999994,0.07340025901794434,19,20
PIC16F84-T100,PIC16F84,top.wdt_full_sync_reg,124,1.0,0.057665348052978516,14,13
PIC16F84-T100,PIC16F84,top.wdt_fullclr_req_reg,125,1.0000001,0.03864312171936035,16,17
PIC16F84-T100,PIC16F84,top.wdt_init,126,1.0,0.04710817337036133,6,5
PIC16F84-T100,PIC16F84,top.wdt_reg,127,1.0000001,0.09958577156066895,21,22
PIC16F84-T100,PIC16F84,top.wdt_rst_node,128,1.0,0.056794166564941406,10,10
PIC16F84-T100,PIC16F84,top.wr_eep_req_o,129,1.0000001,0.05801987648010254,5,4
PIC16F84-T100,PIC16F84,top.writeram_node,130,1.0,0.08028578758239746,63,62
PIC16F84-T100,PIC16F84,top.writeram_reg,131,1.0,0.06107687950134277,32,37
PIC16F84-T100,PIC16F84,top.writew_node,132,0.99999994,0.09425497055053711,64,63
PIC16F84-T200,PIC16F84,top.add_node,0,1.0,0.0683298110961914,13,12
PIC16F84-T200,PIC16F84,top.addlow_node,1,0.9999999,0.0712428092956543,19,18
PIC16F84-T200,PIC16F84,top.addr_eecon1,2,1.0000001,0.07040071487426758,7,6
PIC16F84-T200,PIC16F84,top.addr_eecon2,3,1.0000001,0.06390142440795898,7,6
PIC16F84-T200,PIC16F84,top.addr_eep_adr,4,1.0000001,0.07199621200561523,7,6
PIC16F84-T200,PIC16F84,top.addr_eep_dat,5,1.0000001,0.04201650619506836,7,6
PIC16F84-T200,PIC16F84,top.addr_fsr,6,1.0000001,0.10191941261291504,7,6
PIC16F84-T200,PIC16F84,top.addr_intcon,7,1.0,0.06938910484313965,7,6
PIC16F84-T200,PIC16F84,top.addr_option,8,1.0000001,0.07282567024230957,7,6
PIC16F84-T200,PIC16F84,top.addr_pcl,9,1.0000001,0.06775808334350586,7,6
PIC16F84-T200,PIC16F84,top.addr_pclath,10,1.0,0.04454636573791504,7,6
PIC16F84-T200,PIC16F84,top.addr_porta,11,1.0000001,0.04534769058227539,7,6
PIC16F84-T200,PIC16F84,top.addr_portb,12,1.0000001,0.06791472434997559,7,6
PIC16F84-T200,PIC16F84,top.addr_sram,13,1.0000001,0.06457686424255371,7,6
PIC16F84-T200,PIC16F84,top.addr_stat,14,1.0,0.06225109100341797,7,6
PIC16F84-T200,PIC16F84,top.addr_tmr0,15,1.0,0.08573102951049805,7,6
PIC16F84-T200,PIC16F84,top.addr_trisa,16,0.99999994,0.05515241622924805,7,6
PIC16F84-T200,PIC16F84,top.addr_trisb,17,0.99999994,0.04404306411743164,7,6
PIC16F84-T200,PIC16F84,top.aluinp1_reg,18,1.0,0.10006976127624512,78,82
PIC16F84-T200,PIC16F84,top.aluinp2_reg,19,0.9999998,0.0650625228881836,45,51
PIC16F84-T200,PIC16F84,top.aluout_reg,20,0.9999998,0.09411168098449707,96,113
PIC16F84-T200,PIC16F84,top.aluout_zero_node,21,1.0,0.048073530197143555,7,6
PIC16F84-T200,PIC16F84,top.clk_o_reg,22,1.0,0.06896758079528809,20,26
PIC16F84-T200,PIC16F84,top.Counter,23,0.9879283,0.09990644454956055,89,109
PIC16F84-T200,PIC16F84,top.dtemp,24,1.0000001,0.0994725227355957,19,18
PIC16F84-T200,PIC16F84,top.eecon1_reg,25,0.9999999,0.1344757080078125,164,240
PIC16F84-T200,PIC16F84,top.eep_adr_reg,26,1.0000001,0.06377148628234863,29,39
PIC16F84-T200,PIC16F84,top.eep_dat_reg,27,0.9999999,0.06213212013244629,39,51
PIC16F84-T200,PIC16F84,top.exec_op_reg,28,1.0,0.07999110221862793,58,67
PIC16F84-T200,PIC16F84,top.fsr_reg,29,1.0,0.04601168632507324,29,39
PIC16F84-T200,PIC16F84,top.inc_pc_node,30,0.99999994,0.061673641204833984,4,3
PIC16F84-T200,PIC16F84,top.inc_tmr_clk,31,1.0,0.09012365341186523,8,7
PIC16F84-T200,PIC16F84,top.inc_tmr_hold_reg,32,0.99999994,0.06586861610412598,36,48
PIC16F84-T200,PIC16F84,top.inc_tmr_sync_reg,33,1.0000001,0.08264517784118652,7,6
PIC16F84-T200,PIC16F84,top.inst_addlw,34,1.0000002,0.05461311340332031,7,6
PIC16F84-T200,PIC16F84,top.inst_addwf,35,1.0000001,0.07496213912963867,7,6
PIC16F84-T200,PIC16F84,top.inst_andlw,36,1.0000002,0.06439733505249023,7,6
PIC16F84-T200,PIC16F84,top.inst_andwf,37,1.0000001,0.07476997375488281,7,6
PIC16F84-T200,PIC16F84,top.inst_bcf,38,1.0,0.059453487396240234,7,6
PIC16F84-T200,PIC16F84,top.inst_bsf,39,1.0,0.07114505767822266,7,6
PIC16F84-T200,PIC16F84,top.inst_btfsc,40,1.0,0.08673810958862305,7,6
PIC16F84-T200,PIC16F84,top.inst_btfss,41,1.0,0.06398701667785645,7,6
PIC16F84-T200,PIC16F84,top.inst_call,42,1.0000001,0.07161831855773926,7,6
PIC16F84-T200,PIC16F84,top.inst_clrf,43,1.0,0.1087801456451416,7,6
PIC16F84-T200,PIC16F84,top.inst_clrw,44,1.0,0.09224152565002441,7,6
PIC16F84-T200,PIC16F84,top.inst_clrwdt,45,1.0000001,0.09291839599609375,4,3
PIC16F84-T200,PIC16F84,top.inst_comf,46,1.0,0.07841205596923828,7,6
PIC16F84-T200,PIC16F84,top.inst_decf,47,1.0,0.07332777976989746,7,6
PIC16F84-T200,PIC16F84,top.inst_decfsz,48,1.0000001,0.0756981372833252,7,6
PIC16F84-T200,PIC16F84,top.inst_goto,49,1.0000001,0.0851438045501709,7,6
PIC16F84-T200,PIC16F84,top.inst_incf,50,1.0000001,0.07389140129089355,7,6
PIC16F84-T200,PIC16F84,top.inst_incfsz,51,1.0000001,0.09358000755310059,7,6
PIC16F84-T200,PIC16F84,top.inst_iorlw,52,1.0000002,0.09438610076904297,7,6
PIC16F84-T200,PIC16F84,top.inst_iorwf,53,1.0000001,0.10187101364135742,7,6
PIC16F84-T200,PIC16F84,top.inst_movf,54,1.0,0.11172366142272949,7,6
PIC16F84-T200,PIC16F84,top.inst_movlw,55,1.0,0.09456253051757812,7,6
PIC16F84-T200,PIC16F84,top.inst_movwf,56,1.0,0.06686210632324219,7,6
PIC16F84-T200,PIC16F84,top.inst_reg,57,0.9446521,0.07173299789428711,23,30
PIC16F84-T200,PIC16F84,top.inst_ret,58,0.99999994,0.07007527351379395,4,3
PIC16F84-T200,PIC16F84,top.inst_retfie,59,0.99999994,0.08216404914855957,4,3
PIC16F84-T200,PIC16F84,top.inst_retlw,60,1.0,0.10274243354797363,7,6
PIC16F84-T200,PIC16F84,top.inst_rlf,61,1.0000002,0.07862138748168945,7,6
PIC16F84-T200,PIC16F84,top.inst_rrf,62,1.0000002,0.09048795700073242,7,6
PIC16F84-T200,PIC16F84,top.inst_sleep,63,1.0000001,0.07656741142272949,4,3
PIC16F84-T200,PIC16F84,top.inst_sublw,64,1.0000002,0.10268807411193848,7,6
PIC16F84-T200,PIC16F84,top.inst_subwf,65,1.0000001,0.07786750793457031,7,6
PIC16F84-T200,PIC16F84,top.inst_swapf,66,1.0000001,0.0668649673461914,7,6
PIC16F84-T200,PIC16F84,top.inst_xorlw,67,1.0000001,0.059886932373046875,7,6
PIC16F84-T200,PIC16F84,top.inst_xorwf,68,1.0,0.04928469657897949,7,6
PIC16F84-T200,PIC16F84,top.int_node,69,1.0000001,0.07776379585266113,38,44
PIC16F84-T200,PIC16F84,top.intclr0,70,0.99999994,0.05592489242553711,5,4
PIC16F84-T200,PIC16F84,top.intclr1,71,0.99999994,0.04986000061035156,5,4
PIC16F84-T200,PIC16F84,top.intclr2,72,0.99999994,0.06779313087463379,5,4
PIC16F84-T200,PIC16F84,top.intclr3,73,0.99999994,0.04140019416809082,5,4
PIC16F84-T200,PIC16F84,top.intclr4,74,0.99999994,0.061486005783081055,5,4
PIC16F84-T200,PIC16F84,top.intclr_reg,75,1.0,0.08040833473205566,46,56
PIC16F84-T200,PIC16F84,top.intcon_reg,76,1.0,0.18868088722229004,179,252
PIC16F84-T200,PIC16F84,top.intdown_reg,77,0.9999997,0.09454536437988281,77,135
PIC16F84-T200,PIC16F84,top.inte,78,1.0,0.07319974899291992,7,6
PIC16F84-T200,PIC16F84,top.intrise_reg,79,1.0,0.11318659782409668,69,116
PIC16F84-T200,PIC16F84,top.intstart_reg,80,1.0,0.07258057594299316,31,40
PIC16F84-T200,PIC16F84,top.mask_node,81,1.0000001,0.08115935325622559,7,6
PIC16F84-T200,PIC16F84,top.option_reg,82,1.0,0.07758545875549316,30,39
PIC16F84-T200,PIC16F84,top.pc_reg,83,1.0,0.10432672500610352,71,83
PIC16F84-T200,PIC16F84,top.pclath_reg,84,0.99999994,0.0712888240814209,33,42
PIC16F84-T200,PIC16F84,top.porta_i_sync_reg,85,0.9999999,0.07508063316345215,10,11
PIC16F84-T200,PIC16F84,top.porta_o_reg,86,1.0000001,0.06043553352355957,32,42
PIC16F84-T200,PIC16F84,top.portb_i_sync_reg,87,0.9999999,0.062050580978393555,10,11
PIC16F84-T200,PIC16F84,top.portb_o_reg,88,1.0000001,0.055452823638916016,29,39
PIC16F84-T200,PIC16F84,top.ps_clk,89,1.0000001,0.07769584655761719,12,12
PIC16F84-T200,PIC16F84,top.ps_full_reg,90,1.0,0.0652315616607666,11,10
PIC16F84-T200,PIC16F84,top.pscale_reg,91,1.0000001,0.05992627143859863,12,12
PIC16F84-T200,PIC16F84,top.ram_adr_node,92,1.0000001,0.07096433639526367,21,22
PIC16F84-T200,PIC16F84,top.ram_adr_reg,93,1.0,0.0703728199005127,21,29
PIC16F84-T200,PIC16F84,top.ram_i_node,94,1.0000001,0.09680843353271484,131,155
PIC16F84-T200,PIC16F84,top.rateval,95,0.9999999,0.07309222221374512,63,69
PIC16F84-T200,PIC16F84,top.rb0_int,96,1.0,0.07918500900268555,14,13
PIC16F84-T200,PIC16F84,top.rb4_int,97,0.99999994,0.0626981258392334,10,9
PIC16F84-T200,PIC16F84,top.rb5_int,98,0.99999994,0.0753333568572998,10,9
PIC16F84-T200,PIC16F84,top.rb6_int,99,0.99999994,0.08431863784790039,10,9
PIC16F84-T200,PIC16F84,top.rb7_int,100,0.99999994,0.06192660331726074,10,9
PIC16F84-T200,PIC16F84,top.rbint,101,1.0,0.07328963279724121,13,12
PIC16F84-T200,PIC16F84,top.rbpu_o,102,0.99999994,0.053559303283691406,5,4
PIC16F84-T200,PIC16F84,top.rd_eep_req_o,103,1.0000001,0.060500383377075195,5,4
PIC16F84-T200,PIC16F84,top.readram_o,104,1.0000001,0.06552982330322266,7,6
PIC16F84-T200,PIC16F84,top.reset_cond,105,1.0,0.05694842338562012,11,10
PIC16F84-T200,PIC16F84,top.sleepflag_reg,106,0.99999994,0.06885528564453125,48,65
PIC16F84-T200,PIC16F84,top.stack_pnt_reg,107,0.9999999,0.10786986351013184,44,59
PIC16F84-T200,PIC16F84,top.startclk_o,108,1.0,0.06811881065368652,12,11
PIC16F84-T200,PIC16F84,top.state_reg,109,1.0000001,0.06236100196838379,44,53
PIC16F84-T200,PIC16F84,top.status_reg,110,1.0000002,0.14697575569152832,236,340
PIC16F84-T200,PIC16F84,top.temp,111,1.0000001,0.052428245544433594,13,12
PIC16F84-T200,PIC16F84,top.tmr0_reg,112,0.99999994,0.06209135055541992,38,48
PIC16F84-T200,PIC16F84,top.trisa_reg,113,1.0,0.06882953643798828,33,42
PIC16F84-T200,PIC16F84,top.trisb_reg,114,0.99999994,0.08273124694824219,30,39
PIC16F84-T200,PIC16F84,top.Trojan_Trigger_Out,115,0.91904265,0.06753015518188477,7,6
PIC16F84-T200,PIC16F84,top.w_reg,116,1.0000001,0.08929729461669922,27,36
PIC16F84-T200,PIC16F84,top.wdt_clr_ack,117,1.0,0.06159257888793945,5,4
PIC16F84-T200,PIC16F84,top.wdt_clr_reg,118,0.99999994,0.08047842979431152,31,33
PIC16F84-T200,PIC16F84,top.wdt_clr_req_reg,119,1.0,0.06728053092956543,13,14
PIC16F84-T200,PIC16F84,top.wdt_clr_reqhold_reg,120,1.0000001,0.06892013549804688,30,34
PIC16F84-T200,PIC16F84,top.wdt_full_clr_reg,121,0.99999994,0.0400698184967041,14,13
PIC16F84-T200,PIC16F84,top.wdt_full_node,122,1.0,0.0473177433013916,13,14
PIC16F84-T200,PIC16F84,top.wdt_full_reg,123,0.99999994,0.06365823745727539,19,20
PIC16F84-T200,PIC16F84,top.wdt_full_sync_reg,124,1.0,0.07329726219177246,14,13
PIC16F84-T200,PIC16F84,top.wdt_fullclr_req_reg,125,1.0000001,0.07442140579223633,16,17
PIC16F84-T200,PIC16F84,top.wdt_init,126,1.0,0.058034420013427734,6,5
PIC16F84-T200,PIC16F84,top.wdt_reg,127,1.0000001,0.06311368942260742,21,22
PIC16F84-T200,PIC16F84,top.wdt_rst_node,128,1.0,0.07210946083068848,10,10
PIC16F84-T200,PIC16F84,top.wr_eep_req_o,129,1.0000001,0.06543087959289551,5,4
PIC16F84-T200,PIC16F84,top.writeram_node,130,1.0,0.08982062339782715,63,62
PIC16F84-T200,PIC16F84,top.writeram_reg,131,1.0,0.08356356620788574,32,37
PIC16F84-T200,PIC16F84,top.writew_node,132,0.99999994,0.07958674430847168,64,63
PIC16F84-T300,PIC16F84,top.add_node,0,1.0,0.043277740478515625,13,12
PIC16F84-T300,PIC16F84,top.addlow_node,1,0.9999999,0.07821178436279297,19,18
PIC16F84-T300,PIC16F84,top.addr_eecon1,2,1.0000001,0.08909320831298828,7,6
PIC16F84-T300,PIC16F84,top.addr_eecon2,3,1.0000001,0.07600545883178711,7,6
PIC16F84-T300,PIC16F84,top.addr_eep_adr,4,1.0000001,0.05303955078125,7,6
PIC16F84-T300,PIC16F84,top.addr_eep_dat,5,1.0000001,0.06157946586608887,7,6
PIC16F84-T300,PIC16F84,top.addr_fsr,6,1.0000001,0.06064271926879883,7,6
PIC16F84-T300,PIC16F84,top.addr_intcon,7,1.0,0.05787467956542969,7,6
PIC16F84-T300,PIC16F84,top.addr_option,8,1.0000001,0.0632331371307373,7,6
PIC16F84-T300,PIC16F84,top.addr_pcl,9,1.0000001,0.06586718559265137,7,6
PIC16F84-T300,PIC16F84,top.addr_pclath,10,1.0,0.06864094734191895,7,6
PIC16F84-T300,PIC16F84,top.addr_porta,11,1.0000001,0.05590105056762695,7,6
PIC16F84-T300,PIC16F84,top.addr_portb,12,1.0000001,0.05893230438232422,7,6
PIC16F84-T300,PIC16F84,top.addr_sram,13,1.0000001,0.08804106712341309,7,6
PIC16F84-T300,PIC16F84,top.addr_stat,14,1.0,0.05349230766296387,7,6
PIC16F84-T300,PIC16F84,top.addr_tmr0,15,1.0,0.06433510780334473,7,6
PIC16F84-T300,PIC16F84,top.addr_trisa,16,0.99999994,0.060419559478759766,7,6
PIC16F84-T300,PIC16F84,top.addr_trisb,17,0.99999994,0.07421565055847168,7,6
PIC16F84-T300,PIC16F84,top.aluinp1_reg,18,1.0,0.07708334922790527,78,82
PIC16F84-T300,PIC16F84,top.aluinp2_reg,19,0.9999998,0.050728559494018555,45,51
PIC16F84-T300,PIC16F84,top.aluout_reg,20,0.9999998,0.10099983215332031,96,113
PIC16F84-T300,PIC16F84,top.aluout_zero_node,21,1.0,0.06233716011047363,7,6
PIC16F84-T300,PIC16F84,top.clk_o_reg,22,1.0,0.05682563781738281,20,26
PIC16F84-T300,PIC16F84,top.Counter,23,0.9879283,0.0753321647644043,89,109
PIC16F84-T300,PIC16F84,top.dtemp,24,1.0000001,0.08709955215454102,19,18
PIC16F84-T300,PIC16F84,top.eecon1_reg,25,0.9999999,0.11203789710998535,164,240
PIC16F84-T300,PIC16F84,top.eep_adr_reg,26,1.0000001,0.06205296516418457,29,39
PIC16F84-T300,PIC16F84,top.eep_dat_reg,27,0.9729792,0.11995935440063477,43,55
PIC16F84-T300,PIC16F84,top.exec_op_reg,28,1.0,0.1624438762664795,58,67
PIC16F84-T300,PIC16F84,top.fsr_reg,29,1.0,0.0917363166809082,29,39
PIC16F84-T300,PIC16F84,top.inc_pc_node,30,0.99999994,0.053646087646484375,4,3
PIC16F84-T300,PIC16F84,top.inc_tmr_clk,31,1.0,0.07029938697814941,8,7
PIC16F84-T300,PIC16F84,top.inc_tmr_hold_reg,32,0.99999994,0.07634854316711426,36,48
PIC16F84-T300,PIC16F84,top.inc_tmr_sync_reg,33,1.0000001,0.06998085975646973,7,6
PIC16F84-T300,PIC16F84,top.inst_addlw,34,1.0000002,0.04085898399353027,7,6
PIC16F84-T300,PIC16F84,top.inst_addwf,35,1.0000001,0.07345175743103027,7,6
PIC16F84-T300,PIC16F84,top.inst_andlw,36,1.0000002,0.07416248321533203,7,6
PIC16F84-T300,PIC16F84,top.inst_andwf,37,1.0000001,0.06760048866271973,7,6
PIC16F84-T300,PIC16F84,top.inst_bcf,38,1.0,0.05611991882324219,7,6
PIC16F84-T300,PIC16F84,top.inst_bsf,39,1.0,0.054888010025024414,7,6
PIC16F84-T300,PIC16F84,top.inst_btfsc,40,1.0,0.04525899887084961,7,6
PIC16F84-T300,PIC16F84,top.inst_btfss,41,1.0,0.09417319297790527,7,6
PIC16F84-T300,PIC16F84,top.inst_call,42,1.0000001,0.06731462478637695,7,6
PIC16F84-T300,PIC16F84,top.inst_clrf,43,1.0,0.04145479202270508,7,6
PIC16F84-T300,PIC16F84,top.inst_clrw,44,1.0,0.08277106285095215,7,6
PIC16F84-T300,PIC16F84,top.inst_clrwdt,45,1.0000001,0.06724214553833008,4,3
PIC16F84-T300,PIC16F84,top.inst_comf,46,1.0,0.06341075897216797,7,6
PIC16F84-T300,PIC16F84,top.inst_decf,47,1.0,0.06702518463134766,7,6
PIC16F84-T300,PIC16F84,top.inst_decfsz,48,1.0000001,0.08967399597167969,7,6
PIC16F84-T300,PIC16F84,top.inst_goto,49,1.0000001,0.0720360279083252,7,6
PIC16F84-T300,PIC16F84,top.inst_incf,50,1.0000001,0.05975484848022461,7,6
PIC16F84-T300,PIC16F84,top.inst_incfsz,51,1.0000001,0.06535959243774414,7,6
PIC16F84-T300,PIC16F84,top.inst_iorlw,52,1.0000002,0.06766963005065918,7,6
PIC16F84-T300,PIC16F84,top.inst_iorwf,53,1.0000001,0.07986211776733398,7,6
PIC16F84-T300,PIC16F84,top.inst_movf,54,1.0,0.066619873046875,7,6
PIC16F84-T300,PIC16F84,top.inst_movlw,55,1.0,0.07352256774902344,7,6
PIC16F84-T300,PIC16F84,top.inst_movwf,56,1.0,0.06949162483215332,7,6
PIC16F84-T300,PIC16F84,top.inst_reg,57,1.0,0.06510472297668457,19,26
PIC16F84-T300,PIC16F84,top.inst_ret,58,0.99999994,0.06720972061157227,4,3
PIC16F84-T300,PIC16F84,top.inst_retfie,59,0.99999994,0.05527353286743164,4,3
PIC16F84-T300,PIC16F84,top.inst_retlw,60,1.0,0.06560587882995605,7,6
PIC16F84-T300,PIC16F84,top.inst_rlf,61,1.0000002,0.07921028137207031,7,6
PIC16F84-T300,PIC16F84,top.inst_rrf,62,1.0000002,0.06903719902038574,7,6
PIC16F84-T300,PIC16F84,top.inst_sleep,63,1.0000001,0.051663875579833984,4,3
PIC16F84-T300,PIC16F84,top.inst_sublw,64,1.0000002,0.09534239768981934,7,6
PIC16F84-T300,PIC16F84,top.inst_subwf,65,1.0000001,0.07838082313537598,7,6
PIC16F84-T300,PIC16F84,top.inst_swapf,66,1.0000001,0.06007695198059082,7,6
PIC16F84-T300,PIC16F84,top.inst_xorlw,67,1.0000001,0.04167771339416504,7,6
PIC16F84-T300,PIC16F84,top.inst_xorwf,68,1.0,0.06050705909729004,7,6
PIC16F84-T300,PIC16F84,top.int_node,69,1.0000001,0.062078237533569336,38,44
PIC16F84-T300,PIC16F84,top.intclr0,70,0.99999994,0.06611847877502441,5,4
PIC16F84-T300,PIC16F84,top.intclr1,71,0.99999994,0.05235147476196289,5,4
PIC16F84-T300,PIC16F84,top.intclr2,72,0.99999994,0.05586099624633789,5,4
PIC16F84-T300,PIC16F84,top.intclr3,73,0.99999994,0.04460430145263672,5,4
PIC16F84-T300,PIC16F84,top.intclr4,74,0.99999994,0.07897090911865234,5,4
PIC16F84-T300,PIC16F84,top.intclr_reg,75,1.0,0.08068180084228516,46,56
PIC16F84-T300,PIC16F84,top.intcon_reg,76,1.0,0.15363335609436035,179,252
PIC16F84-T300,PIC16F84,top.intdown_reg,77,0.9999997,0.08156299591064453,77,135
PIC16F84-T300,PIC16F84,top.inte,78,1.0,0.09741663932800293,7,6
PIC16F84-T300,PIC16F84,top.intrise_reg,79,1.0,0.07261347770690918,69,116
PIC16F84-T300,PIC16F84,top.intstart_reg,80,1.0,0.07557463645935059,31,40
PIC16F84-T300,PIC16F84,top.mask_node,81,1.0000001,0.0525815486907959,7,6
PIC16F84-T300,PIC16F84,top.option_reg,82,1.0,0.05261373519897461,30,39
PIC16F84-T300,PIC16F84,top.pc_reg,83,1.0,0.09159994125366211,71,83
PIC16F84-T300,PIC16F84,top.pclath_reg,84,0.99999994,0.06856155395507812,33,42
PIC16F84-T300,PIC16F84,top.porta_i_sync_reg,85,0.9999999,0.05639028549194336,10,11
PIC16F84-T300,PIC16F84,top.porta_o_reg,86,1.0000001,0.07895112037658691,32,42
PIC16F84-T300,PIC16F84,top.portb_i_sync_reg,87,0.9999999,0.06639790534973145,10,11
PIC16F84-T300,PIC16F84,top.portb_o_reg,88,1.0000001,0.05783581733703613,29,39
PIC16F84-T300,PIC16F84,top.ps_clk,89,1.0000001,0.06685495376586914,12,12
PIC16F84-T300,PIC16F84,top.ps_full_reg,90,1.0,0.04737138748168945,11,10
PIC16F84-T300,PIC16F84,top.pscale_reg,91,1.0000001,0.06609964370727539,12,12
PIC16F84-T300,PIC16F84,top.ram_adr_node,92,1.0000001,0.057280778884887695,21,22
PIC16F84-T300,PIC16F84,top.ram_adr_reg,93,1.0,0.07487320899963379,21,29
PIC16F84-T300,PIC16F84,top.ram_i_node,94,1.0000001,0.10382556915283203,131,155
PIC16F84-T300,PIC16F84,top.rateval,95,0.9999999,0.0685114860534668,63,69
PIC16F84-T300,PIC16F84,top.rb0_int,96,1.0,0.06024909019470215,14,13
PIC16F84-T300,PIC16F84,top.rb4_int,97,0.99999994,0.05890178680419922,10,9
PIC16F84-T300,PIC16F84,top.rb5_int,98,0.99999994,0.06540536880493164,10,9
PIC16F84-T300,PIC16F84,top.rb6_int,99,0.99999994,0.10219836235046387,10,9
PIC16F84-T300,PIC16F84,top.rb7_int,100,0.99999994,0.06763076782226562,10,9
PIC16F84-T300,PIC16F84,top.rbint,101,1.0,0.07642769813537598,13,12
PIC16F84-T300,PIC16F84,top.rbpu_o,102,0.99999994,0.07625222206115723,5,4
PIC16F84-T300,PIC16F84,top.rd_eep_req_o,103,1.0000001,0.07604551315307617,5,4
PIC16F84-T300,PIC16F84,top.readram_o,104,1.0000001,0.06742429733276367,7,6
PIC16F84-T300,PIC16F84,top.reset_cond,105,1.0,0.07378244400024414,11,10
PIC16F84-T300,PIC16F84,top.sleepflag_reg,106,0.99999994,0.10145139694213867,48,65
PIC16F84-T300,PIC16F84,top.stack_pnt_reg,107,0.9999999,0.08190131187438965,44,59
PIC16F84-T300,PIC16F84,top.startclk_o,108,1.0,0.08274459838867188,12,11
PIC16F84-T300,PIC16F84,top.state_reg,109,1.0000001,0.06369447708129883,44,53
PIC16F84-T300,PIC16F84,top.status_reg,110,1.0000002,0.13194847106933594,236,340
PIC16F84-T300,PIC16F84,top.temp,111,1.0000001,0.0780949592590332,13,12
PIC16F84-T300,PIC16F84,top.tmr0_reg,112,0.99999994,0.05300307273864746,38,48
PIC16F84-T300,PIC16F84,top.trisa_reg,113,1.0,0.05561041831970215,33,42
PIC16F84-T300,PIC16F84,top.trisb_reg,114,0.99999994,0.07725119590759277,30,39
PIC16F84-T300,PIC16F84,top.Trojan_Trigger_Out,115,0.91904265,0.09416437149047852,7,6
PIC16F84-T300,PIC16F84,top.w_reg,116,1.0000001,0.07010006904602051,27,36
PIC16F84-T300,PIC16F84,top.wdt_clr_ack,117,1.0,0.059252023696899414,5,4
PIC16F84-T300,PIC16F84,top.wdt_clr_reg,118,0.99999994,0.0419766902923584,31,33
PIC16F84-T300,PIC16F84,top.wdt_clr_req_reg,119,1.0,0.0755929946899414,13,14
PIC16F84-T300,PIC16F84,top.wdt_clr_reqhold_reg,120,1.0000001,0.05849289894104004,30,34
PIC16F84-T300,PIC16F84,top.wdt_full_clr_reg,121,0.99999994,0.07501721382141113,14,13
PIC16F84-T300,PIC16F84,top.wdt_full_node,122,1.0,0.06848931312561035,13,14
PIC16F84-T300,PIC16F84,top.wdt_full_reg,123,0.99999994,0.06653618812561035,19,20
PIC16F84-T300,PIC16F84,top.wdt_full_sync_reg,124,1.0,0.06381511688232422,14,13
PIC16F84-T300,PIC16F84,top.wdt_fullclr_req_reg,125,1.0000001,0.05964970588684082,16,17
PIC16F84-T300,PIC16F84,top.wdt_init,126,1.0,0.05010175704956055,6,5
PIC16F84-T300,PIC16F84,top.wdt_reg,127,1.0000001,0.07361268997192383,21,22
PIC16F84-T300,PIC16F84,top.wdt_rst_node,128,1.0,0.031256914138793945,10,10
PIC16F84-T300,PIC16F84,top.wr_eep_req_o,129,1.0000001,0.07878422737121582,5,4
PIC16F84-T300,PIC16F84,top.writeram_node,130,1.0,0.06870841979980469,63,62
PIC16F84-T300,PIC16F84,top.writeram_reg,131,1.0,0.09129500389099121,32,37
PIC16F84-T300,PIC16F84,top.writew_node,132,0.99999994,0.09896969795227051,64,63
PIC16F84-T400,PIC16F84,top.add_node,0,1.0,0.06451988220214844,13,12
PIC16F84-T400,PIC16F84,top.addlow_node,1,0.9999999,0.05246734619140625,19,18
PIC16F84-T400,PIC16F84,top.addr_eecon1,2,1.0000001,0.045807838439941406,7,6
PIC16F84-T400,PIC16F84,top.addr_eecon2,3,1.0000001,0.07277393341064453,7,6
PIC16F84-T400,PIC16F84,top.addr_eep_adr,4,1.0000001,0.059862375259399414,7,6
PIC16F84-T400,PIC16F84,top.addr_eep_dat,5,1.0000001,0.05322670936584473,7,6
PIC16F84-T400,PIC16F84,top.addr_fsr,6,1.0000001,0.055866241455078125,7,6
PIC16F84-T400,PIC16F84,top.addr_intcon,7,1.0,0.05234861373901367,7,6
PIC16F84-T400,PIC16F84,top.addr_option,8,1.0000001,0.0844423770904541,7,6
PIC16F84-T400,PIC16F84,top.addr_pcl,9,1.0000001,0.0516202449798584,7,6
PIC16F84-T400,PIC16F84,top.addr_pclath,10,1.0,0.05919814109802246,7,6
PIC16F84-T400,PIC16F84,top.addr_porta,11,1.0000001,0.07094216346740723,7,6
PIC16F84-T400,PIC16F84,top.addr_portb,12,1.0000001,0.05230259895324707,7,6
PIC16F84-T400,PIC16F84,top.addr_sram,13,1.0000001,0.06705260276794434,7,6
PIC16F84-T400,PIC16F84,top.addr_stat,14,1.0,0.0460660457611084,7,6
PIC16F84-T400,PIC16F84,top.addr_tmr0,15,1.0,0.07257509231567383,7,6
PIC16F84-T400,PIC16F84,top.addr_trisa,16,0.99999994,0.06303763389587402,7,6
PIC16F84-T400,PIC16F84,top.addr_trisb,17,0.99999994,0.04697823524475098,7,6
PIC16F84-T400,PIC16F84,top.aluinp1_reg,18,1.0,0.08499741554260254,78,82
PIC16F84-T400,PIC16F84,top.aluinp2_reg,19,0.9999998,0.03947925567626953,45,51
PIC16F84-T400,PIC16F84,top.aluout_reg,20,0.9999998,0.11911177635192871,96,113
PIC16F84-T400,PIC16F84,top.aluout_zero_node,21,1.0,0.052288055419921875,7,6
PIC16F84-T400,PIC16F84,top.clk_o_reg,22,1.0,0.04649686813354492,20,26
PIC16F84-T400,PIC16F84,top.Counter,23,0.9879283,0.09882473945617676,89,109
PIC16F84-T400,PIC16F84,top.dtemp,24,1.0000001,0.08879590034484863,19,18
PIC16F84-T400,PIC16F84,top.eecon1_reg,25,0.9999999,0.125471830368042,164,240
PIC16F84-T400,PIC16F84,top.eep_adr_reg,26,0.9618014,0.08680939674377441,33,43
PIC16F84-T400,PIC16F84,top.eep_dat_reg,27,0.9999999,0.05974864959716797,39,51
PIC16F84-T400,PIC16F84,top.exec_op_reg,28,1.0,0.08375382423400879,58,67
PIC16F84-T400,PIC16F84,top.fsr_reg,29,1.0,0.0731496810913086,29,39
PIC16F84-T400,PIC16F84,top.inc_pc_node,30,0.99999994,0.07585787773132324,4,3
PIC16F84-T400,PIC16F84,top.inc_tmr_clk,31,1.0,0.07203984260559082,8,7
PIC16F84-T400,PIC16F84,top.inc_tmr_hold_reg,32,0.99999994,0.07877087593078613,36,48
PIC16F84-T400,PIC16F84,top.inc_tmr_sync_reg,33,1.0000001,0.05889892578125,7,6
PIC16F84-T400,PIC16F84,top.inst_addlw,34,1.0000002,0.0672769546508789,7,6
PIC16F84-T400,PIC16F84,top.inst_addwf,35,1.0000001,0.0808107852935791,7,6
PIC16F84-T400,PIC16F84,top.inst_andlw,36,1.0000002,0.07631874084472656,7,6
PIC16F84-T400,PIC16F84,top.inst_andwf,37,1.0000001,0.06783246994018555,7,6
PIC16F84-T400,PIC16F84,top.inst_bcf,38,1.0,0.0633857250213623,7,6
PIC16F84-T400,PIC16F84,top.inst_bsf,39,1.0,0.07879114151000977,7,6
PIC16F84-T400,PIC16F84,top.inst_btfsc,40,1.0,0.14525675773620605,7,6
PIC16F84-T400,PIC16F84,top.inst_btfss,41,1.0,0.15980148315429688,7,6
PIC16F84-T400,PIC16F84,top.inst_call,42,1.0000001,0.1293778419494629,7,6
PIC16F84-T400,PIC16F84,top.inst_clrf,43,1.0,0.11423039436340332,7,6
PIC16F84-T400,PIC16F84,top.inst_clrw,44,1.0,0.13406920433044434,7,6
PIC16F84-T400,PIC16F84,top.inst_clrwdt,45,1.0000001,0.20598578453063965,4,3
PIC16F84-T400,PIC16F84,top.inst_comf,46,1.0,0.07763028144836426,7,6
PIC16F84-T400,PIC16F84,top.inst_decf,47,1.0,0.08885812759399414,7,6
PIC16F84-T400,PIC16F84,top.inst_decfsz,48,1.0000001,0.06855964660644531,7,6
PIC16F84-T400,PIC16F84,top.inst_goto,49,1.0000001,0.07283902168273926,7,6
PIC16F84-T400,PIC16F84,top.inst_incf,50,1.0000001,0.060064077377319336,7,6
PIC16F84-T400,PIC16F84,top.inst_incfsz,51,1.0000001,0.058895111083984375,7,6
PIC16F84-T400,PIC16F84,top.inst_iorlw,52,1.0000002,0.08450841903686523,7,6
PIC16F84-T400,PIC16F84,top.inst_iorwf,53,1.0000001,0.049916982650756836,7,6
PIC16F84-T400,PIC16F84,top.inst_movf,54,1.0,0.06836771965026855,7,6
PIC16F84-T400,PIC16F84,top.inst_movlw,55,1.0,0.07780337333679199,7,6
PIC16F84-T400,PIC16F84,top.inst_movwf,56,1.0,0.08726954460144043,7,6
PIC16F84-T400,PIC16F84,top.inst_reg,57,1.0,0.06955885887145996,19,26
PIC16F84-T400,PIC16F84,top.inst_ret,58,0.99999994,0.0841817855834961,4,3
PIC16F84-T400,PIC16F84,top.inst_retfie,59,0.99999994,0.10947680473327637,4,3
PIC16F84-T400,PIC16F84,top.inst_retlw,60,1.0,0.061029911041259766,7,6
PIC16F84-T400,PIC16F84,top.inst_rlf,61,1.0000002,0.058878421783447266,7,6
PIC16F84-T400,PIC16F84,top.inst_rrf,62,1.0000002,0.05951833724975586,7,6
PIC16F84-T400,PIC16F84,top.inst_sleep,63,1.0000001,0.06431961059570312,4,3
PIC16F84-T400,PIC16F84,top.inst_sublw,64,1.0000002,0.07662343978881836,7,6
PIC16F84-T400,PIC16F84,top.inst_subwf,65,1.0000001,0.061937808990478516,7,6
PIC16F84-T400,PIC16F84,top.inst_swapf,66,1.0000001,0.07697415351867676,7,6
PIC16F84-T400,PIC16F84,top.inst_xorlw,67,1.0000001,0.08578014373779297,7,6
PIC16F84-T400,PIC16F84,top.inst_xorwf,68,1.0,0.05312943458557129,7,6
PIC16F84-T400,PIC16F84,top.int_node,69,1.0000001,0.07931160926818848,38,44
PIC16F84-T400,PIC16F84,top.intclr0,70,0.99999994,0.04695272445678711,5,4
PIC16F84-T400,PIC16F84,top.intclr1,71,0.99999994,0.07673406600952148,5,4
PIC16F84-T400,PIC16F84,top.intclr2,72,0.99999994,0.06361246109008789,5,4
PIC16F84-T400,PIC16F84,top.intclr3,73,0.99999994,0.06260371208190918,5,4
PIC16F84-T400,PIC16F84,top.intclr4,74,0.99999994,0.07776522636413574,5,4
PIC16F84-T400,PIC16F84,top.intclr_reg,75,1.0,0.09911799430847168,46,56
PIC16F84-T400,PIC16F84,top.intcon_reg,76,1.0,0.15044856071472168,179,252
PIC16F84-T400,PIC16F84,top.intdown_reg,77,0.9999997,0.07712316513061523,77,135
PIC16F84-T400,PIC16F84,top.inte,78,1.0,0.04754781723022461,7,6
PIC16F84-T400,PIC16F84,top.intrise_reg,79,1.0,0.08707737922668457,69,116
PIC16F84-T400,PIC16F84,top.intstart_reg,80,1.0,0.09464073181152344,31,40
PIC16F84-T400,PIC16F84,top.mask_node,81,1.0000001,0.060097694396972656,7,6
PIC16F84-T400,PIC16F84,top.option_reg,82,1.0,0.05886697769165039,30,39
PIC16F84-T400,PIC16F84,top.pc_reg,83,1.0,0.06493711471557617,71,83
PIC16F84-T400,PIC16F84,top.pclath_reg,84,0.99999994,0.08490443229675293,33,42
PIC16F84-T400,PIC16F84,top.porta_i_sync_reg,85,0.9999999,0.0788261890411377,10,11
PIC16F84-T400,PIC16F84,top.porta_o_reg,86,1.0000001,0.06753087043762207,32,42
PIC16F84-T400,PIC16F84,top.portb_i_sync_reg,87,0.9999999,0.0581817626953125,10,11
PIC16F84-T400,PIC16F84,top.portb_o_reg,88,1.0000001,0.0931856632232666,29,39
PIC16F84-T400,PIC16F84,top.ps_clk,89,1.0000001,0.05076766014099121,12,12
PIC16F84-T400,PIC16F84,top.ps_full_reg,90,1.0,0.04963183403015137,11,10
PIC16F84-T400,PIC16F84,top.pscale_reg,91,1.0000001,0.03820681571960449,12,12
PIC16F84-T400,PIC16F84,top.ram_adr_node,92,1.0000001,0.05918717384338379,21,22
PIC16F84-T400,PIC16F84,top.ram_adr_reg,93,1.0,0.05802464485168457,21,29
PIC16F84-T400,PIC16F84,top.ram_i_node,94,1.0000001,0.1039435863494873,131,155
PIC16F84-T400,PIC16F84,top.rateval,95,0.9999999,0.058577537536621094,63,69
PIC16F84-T400,PIC16F84,top.rb0_int,96,1.0,0.062108755111694336,14,13
PIC16F84-T400,PIC16F84,top.rb4_int,97,0.99999994,0.0467228889465332,10,9
PIC16F84-T400,PIC16F84,top.rb5_int,98,0.99999994,0.06233620643615723,10,9
PIC16F84-T400,PIC16F84,top.rb6_int,99,0.99999994,0.06247758865356445,10,9
PIC16F84-T400,PIC16F84,top.rb7_int,100,0.99999994,0.06623196601867676,10,9
PIC16F84-T400,PIC16F84,top.rbint,101,1.0,0.06645774841308594,13,12
PIC16F84-T400,PIC16F84,top.rbpu_o,102,0.99999994,0.06767582893371582,5,4
PIC16F84-T400,PIC16F84,top.rd_eep_req_o,103,1.0000001,0.08745932579040527,5,4
PIC16F84-T400,PIC16F84,top.readram_o,104,1.0000001,0.07210636138916016,7,6
PIC16F84-T400,PIC16F84,top.reset_cond,105,1.0,0.06446313858032227,11,10
PIC16F84-T400,PIC16F84,top.sleepflag_reg,106,0.99999994,0.07451319694519043,48,65
PIC16F84-T400,PIC16F84,top.stack_pnt_reg,107,0.9999999,0.10990405082702637,44,59
PIC16F84-T400,PIC16F84,top.startclk_o,108,1.0,0.04334712028503418,12,11
PIC16F84-T400,PIC16F84,top.state_reg,109,1.0000001,0.05390644073486328,44,53
PIC16F84-T400,PIC16F84,top.status_reg,110,1.0000002,0.1360156536102295,236,340
PIC16F84-T400,PIC16F84,top.temp,111,1.0000001,0.0536501407623291,13,12
PIC16F84-T400,PIC16F84,top.tmr0_reg,112,0.99999994,0.06993579864501953,38,48
PIC16F84-T400,PIC16F84,top.trisa_reg,113,1.0,0.04586958885192871,33,42
PIC16F84-T400,PIC16F84,top.trisb_reg,114,0.99999994,0.07239890098571777,30,39
PIC16F84-T400,PIC16F84,top.Trojan_Trigger_Out,115,0.91904265,0.037599802017211914,7,6
PIC16F84-T400,PIC16F84,top.w_reg,116,1.0000001,0.08487439155578613,27,36
PIC16F84-T400,PIC16F84,top.wdt_clr_ack,117,1.0,0.05158090591430664,5,4
PIC16F84-T400,PIC16F84,top.wdt_clr_reg,118,0.99999994,0.07979679107666016,31,33
PIC16F84-T400,PIC16F84,top.wdt_clr_req_reg,119,1.0,0.07475423812866211,13,14
PIC16F84-T400,PIC16F84,top.wdt_clr_reqhold_reg,120,1.0000001,0.07591581344604492,30,34
PIC16F84-T400,PIC16F84,top.wdt_full_clr_reg,121,0.99999994,0.0653066635131836,14,13
PIC16F84-T400,PIC16F84,top.wdt_full_node,122,1.0,0.0590059757232666,13,14
PIC16F84-T400,PIC16F84,top.wdt_full_reg,123,0.99999994,0.059751272201538086,19,20
PIC16F84-T400,PIC16F84,top.wdt_full_sync_reg,124,1.0,0.06022024154663086,14,13
PIC16F84-T400,PIC16F84,top.wdt_fullclr_req_reg,125,1.0000001,0.08769965171813965,16,17
PIC16F84-T400,PIC16F84,top.wdt_init,126,1.0,0.06847786903381348,6,5
PIC16F84-T400,PIC16F84,top.wdt_reg,127,1.0000001,0.06949281692504883,21,22
PIC16F84-T400,PIC16F84,top.wdt_rst_node,128,1.0,0.05941367149353027,10,10
PIC16F84-T400,PIC16F84,top.wr_eep_req_o,129,1.0000001,0.06525230407714844,5,4
PIC16F84-T400,PIC16F84,top.writeram_node,130,1.0,0.09145641326904297,63,62
PIC16F84-T400,PIC16F84,top.writeram_reg,131,1.0,0.06857442855834961,32,37
PIC16F84-T400,PIC16F84,top.writew_node,132,0.99999994,0.09144020080566406,64,63
RS232-T100,RS232,top.iRECEIVER.bitCell_cntrH,0,0.9999999,0.30542445182800293,11,10
RS232-T100,RS232,top.iRECEIVER.cntr_resetH,1,1.0000001,0.025597095489501953,22,26
RS232-T100,RS232,top.iRECEIVER.countH,2,0.99999994,0.026198148727416992,22,26
RS232-T100,RS232,top.iRECEIVER.ena,3,0.96469843,0.025736570358276367,6,5
RS232-T100,RS232,top.iRECEIVER.next_state,4,1.0,0.028967857360839844,32,39
RS232-T100,RS232,top.iRECEIVER.par_dataH,5,1.0000001,0.03492283821105957,13,13
RS232-T100,RS232,top.iRECEIVER.rec_data_cntrH_1,6,0.9864447,0.07177591323852539,33,39
RS232-T100,RS232,top.iRECEIVER.rec_data_cntrH_2,7,0.9907789,0.025417327880859375,37,42
RS232-T100,RS232,top.iRECEIVER.rec_data_cntrH_3,8,0.98592716,0.06622004508972168,14,15
RS232-T100,RS232,top.iRECEIVER.rec_dataH,9,0.9864197,0.05458521842956543,5,4
RS232-T100,RS232,top.iRECEIVER.rec_datH,10,1.0,0.009864568710327148,6,5
RS232-T100,RS232,top.iRECEIVER.rec_datSyncH,11,1.0,0.008956193923950195,6,5
RS232-T100,RS232,top.iRECEIVER.rec_readyH,12,0.98729235,0.07213711738586426,5,4
RS232-T100,RS232,top.iRECEIVER.rec_readyH_temp,13,0.99865896,0.051149606704711914,6,5
RS232-T100,RS232,top.iRECEIVER.rec_readyInH,14,0.99999994,0.02574753761291504,26,30
RS232-T100,RS232,top.iRECEIVER.recd_bitCntrH,15,1.0,0.04420804977416992,13,13
RS232-T100,RS232,top.iRECEIVER.rstCountH,16,0.9999999,0.04543566703796387,11,10
RS232-T100,RS232,top.iRECEIVER.shiftH,17,0.99999994,0.06204867362976074,22,26
RS232-T100,RS232,top.iRECEIVER.state,18,1.0000001,0.05672931671142578,6,5
RS232-T100,RS232,top.iXMIT.bitCell_cntrH,19,1.0000001,0.06903529167175293,18,18
RS232-T100,RS232,top.iXMIT.bitCountH,20,1.0,0.05652046203613281,20,21
RS232-T100,RS232,top.iXMIT.countEnaH,21,1.0,0.04174399375915527,32,41
RS232-T100,RS232,top.iXMIT.ena_bitCountH,22,0.99999994,0.047204017639160156,28,35
RS232-T100,RS232,top.iXMIT.load_shiftRegH,23,1.0,0.05588984489440918,22,28
RS232-T100,RS232,top.iXMIT.next_state,24,1.0,0.04774117469787598,44,49
RS232-T100,RS232,top.iXMIT.rst_bitCountH,25,1.0,0.015692949295043945,22,28
RS232-T100,RS232,top.iXMIT.shiftEnaH,26,0.9999999,0.028934955596923828,19,25
RS232-T100,RS232,top.iXMIT.state,27,1.0,0.018027067184448242,6,5
RS232-T100,RS232,top.iXMIT.uart_xmitH,28,1.0,0.03141379356384277,18,19
RS232-T100,RS232,top.iXMIT.xmit_doneH,29,1.0,0.020215272903442383,6,5
RS232-T100,RS232,top.iXMIT.xmit_doneInH,30,1.0,0.029395103454589844,27,34
RS232-T100,RS232,top.iXMIT.xmit_ShiftRegH,31,1.0,0.05947375297546387,105,146
RS232-T100,RS232,top.iXMIT.xmitDataSelH,32,1.0,0.02378082275390625,22,26
RS232-T100,RS232,top.rec_dataH,33,1.0,0.022415637969970703,6,5
RS232-T100,RS232,top.rec_dataH_temp,34,1.0,0.02492666244506836,6,5
RS232-T200,RS232,top.iRECEIVER.bitCell_cntrH,0,0.9999999,0.017385244369506836,11,10
RS232-T200,RS232,top.iRECEIVER.clk_l,1,0.927045,0.01905679702758789,3,2
RS232-T200,RS232,top.iRECEIVER.cntr_resetH,2,0.9994344,0.028842926025390625,28,35
RS232-T200,RS232,top.iRECEIVER.count_l,3,0.9976951,0.0178225040435791,11,10
RS232-T200,RS232,top.iRECEIVER.countH,4,0.99993163,0.027222633361816406,19,25
RS232-T200,RS232,top.iRECEIVER.ena,5,0.966729,0.0011487007141113281,4,3
RS232-T200,RS232,top.iRECEIVER.next_state,6,0.9993219,0.03669404983520508,44,49
RS232-T200,RS232,top.iRECEIVER.par_dataH,7,1.0000001,0.026676177978515625,13,13
RS232-T200,RS232,top.iRECEIVER.rec_data_cntrH_1,8,0.9864447,0.020079374313354492,33,39
RS232-T200,RS232,top.iRECEIVER.rec_data_cntrH_2,9,0.99325997,0.026050567626953125,34,39
RS232-T200,RS232,top.iRECEIVER.rec_datH,10,1.0,0.023804903030395508,6,5
RS232-T200,RS232,top.iRECEIVER.rec_datSyncH,11,1.0,0.00703740119934082,6,5
RS232-T200,RS232,top.iRECEIVER.rec_readyH,12,0.99999994,0.03183555603027344,6,5
RS232-T200,RS232,top.iRECEIVER.rec_readyInH,13,0.9983158,0.02372455596923828,24,30
RS232-T200,RS232,top.iRECEIVER.recd_bitCntrH,14,1.0,0.009261131286621094,13,13
RS232-T200,RS232,top.iRECEIVER.rstCountH,15,0.99868834,0.029549837112426758,23,29
RS232-T200,RS232,top.iRECEIVER.shiftH,16,0.99993163,0.03342723846435547,19,25
RS232-T200,RS232,top.iRECEIVER.state,17,1.0000001,0.011101007461547852,6,5
RS232-T200,RS232,top.iXMIT.bitCell_cntrH,18,1.0000001,0.021055221557617188,18,18
RS232-T200,RS232,top.iXMIT.bitCountH,19,1.0,0.010058879852294922,20,21
RS232-T200,RS232,top.iXMIT.countEnaH,20,1.0,0.0317227840423584,32,41
RS232-T200,RS232,top.iXMIT.ena_bitCountH,21,0.99999994,0.018756389617919922,28,35
RS232-T200,RS232,top.iXMIT.load_shiftRegH,22,1.0,0.026232242584228516,22,28
RS232-T200,RS232,top.iXMIT.next_state,23,1.0,0.027467727661132812,44,49
RS232-T200,RS232,top.iXMIT.rst_bitCountH,24,1.0,0.008112907409667969,22,28
RS232-T200,RS232,top.iXMIT.shiftEnaH,25,0.9999999,0.03374528884887695,19,25
RS232-T200,RS232,top.iXMIT.state,26,1.0,0.015707015991210938,6,5
RS232-T200,RS232,top.iXMIT.uart_xmitH,27,1.0,0.04321479797363281,18,19
RS232-T200,RS232,top.iXMIT.xmit_doneH,28,1.0,0.017714738845825195,6,5
RS232-T200,RS232,top.iXMIT.xmit_doneInH,29,1.0,0.02887439727783203,27,34
RS232-T200,RS232,top.iXMIT.xmit_ShiftRegH,30,1.0,0.04892444610595703,105,146
RS232-T200,RS232,top.iXMIT.xmitDataSelH,31,1.0,0.03740692138671875,22,26
RS232-T200,RS232,top.rec_dataH,32,1.0,0.031735897064208984,6,5
RS232-T200,RS232,top.rec_dataH_temp,33,1.0,0.029526948928833008,6,5
RS232-T2100,RS232,top.iRECEIVER.bitCell_cntrH,0,0.9999999,0.03455066680908203,11,10
RS232-T2100,RS232,top.iRECEIVER.cntr_resetH,1,0.9994344,0.0424342155456543,28,35
RS232-T2100,RS232,top.iRECEIVER.countH,2,0.99993163,0.03075885772705078,19,25
RS232-T2100,RS232,top.iRECEIVER.ena,3,0.9962115,0.031760454177856445,20,24
RS232-T2100,RS232,top.iRECEIVER.next_state,4,0.9993219,0.0484163761138916,44,49
RS232-T2100,RS232,top.iRECEIVER.par_dataH,5,1.0000001,0.03876781463623047,13,13
RS232-T2100,RS232,top.iRECEIVER.rec_dataH,6,0.9864197,0.0231015682220459,5,4
RS232-T2100,RS232,top.iRECEIVER.rec_datH,7,1.0,0.0368804931640625,6,5
RS232-T2100,RS232,top.iRECEIVER.rec_datSyncH,8,1.0,0.028036832809448242,6,5
RS232-T2100,RS232,top.iRECEIVER.rec_readyH,9,0.98729235,0.03291749954223633,5,4
RS232-T2100,RS232,top.iRECEIVER.rec_readyH_temp,10,0.99865896,0.03737497329711914,6,5
RS232-T2100,RS232,top.iRECEIVER.rec_readyInH,11,0.9983158,0.03849911689758301,24,30
RS232-T2100,RS232,top.iRECEIVER.recd_bitCntrH,12,1.0,0.025049448013305664,13,13
RS232-T2100,RS232,top.iRECEIVER.rstCountH,13,0.99868834,0.033585309982299805,23,29
RS232-T2100,RS232,top.iRECEIVER.shiftH,14,0.99993163,0.03687858581542969,19,25
RS232-T2100,RS232,top.iRECEIVER.state,15,1.0000001,0.025521039962768555,6,5
RS232-T2100,RS232,top.iXMIT.bitCell_cntrH,16,1.0000001,0.03366565704345703,18,18
RS232-T2100,RS232,top.iXMIT.bitCountH,17,1.0,0.03052997589111328,20,21
RS232-T2100,RS232,top.iXMIT.countEnaH,18,1.0,0.04976677894592285,32,41
RS232-T2100,RS232,top.iXMIT.ena_bitCountH,19,0.99999994,0.04160952568054199,28,35
RS232-T2100,RS232,top.iXMIT.load_shiftRegH,20,1.0,0.036258697509765625,22,28
RS232-T2100,RS232,top.iXMIT.next_state,21,1.0,0.04186224937438965,44,49
RS232-T2100,RS232,top.iXMIT.rst_bitCountH,22,1.0,0.019532442092895508,22,28
RS232-T2100,RS232,top.iXMIT.shiftEnaH,23,0.9999999,0.027927160263061523,19,25
RS232-T2100,RS232,top.iXMIT.state,24,1.0,0.02401566505432129,6,5
RS232-T2100,RS232,top.iXMIT.uart_xmitH,25,1.0,0.02184319496154785,18,19
RS232-T2100,RS232,top.iXMIT.xmit_doneH,26,1.0,0.022441864013671875,6,5
RS232-T2100,RS232,top.iXMIT.xmit_doneInH,27,1.0,0.026099205017089844,27,34
RS232-T2100,RS232,top.iXMIT.xmit_ShiftRegH,28,1.0,0.06421542167663574,105,146
RS232-T2100,RS232,top.iXMIT.xmitDataSelH,29,1.0,0.031152725219726562,22,26
RS232-T2100,RS232,top.rec_dataH,30,1.0,0.018224000930786133,6,5
RS232-T2100,RS232,top.rec_dataH_temp,31,0.99999034,0.011863946914672852,6,5
RS232-T2200,RS232,top.iRECEIVER.bitCell_cntrH,0,0.9999999,0.02044987678527832,11,10
RS232-T2200,RS232,top.iRECEIVER.cntr_resetH,1,0.9994344,0.018030643463134766,28,35
RS232-T2200,RS232,top.iRECEIVER.countH,2,0.99993163,0.0119476318359375,19,25
RS232-T2200,RS232,top.iRECEIVER.ena,3,0.9989758,0.02543497085571289,19,25
RS232-T2200,RS232,top.iRECEIVER.next_state,4,0.9993219,0.03278017044067383,44,49
RS232-T2200,RS232,top.iRECEIVER.par_dataH,5,1.0000001,0.026331663131713867,13,13
RS232-T2200,RS232,top.iRECEIVER.rec_dataH,6,0.9864197,0.014147520065307617,5,4
RS232-T2200,RS232,top.iRECEIVER.rec_datH,7,1.0,0.0202789306640625,6,5
RS232-T2200,RS232,top.iRECEIVER.rec_datSyncH,8,1.0,0.022030353546142578,6,5
RS232-T2200,RS232,top.iRECEIVER.rec_readyH,9,0.98729235,0.02553558349609375,5,4
RS232-T2200,RS232,top.iRECEIVER.rec_readyH_temp,10,0.99865896,0.024187326431274414,6,5
RS232-T2200,RS232,top.iRECEIVER.rec_readyInH,11,0.9983158,0.024315595626831055,24,30
RS232-T2200,RS232,top.iRECEIVER.recd_bitCntrH,12,1.0,0.023278236389160156,13,13
RS232-T2200,RS232,top.iRECEIVER.rstCountH,13,0.99868834,0.034775733947753906,23,29
RS232-T2200,RS232,top.iRECEIVER.shiftH,14,0.99993163,0.007020473480224609,19,25
RS232-T2200,RS232,top.iRECEIVER.state,15,1.0000001,0.03144192695617676,6,5
RS232-T2200,RS232,top.iXMIT.bitCell_cntrH,16,1.0000001,0.021264314651489258,18,18
RS232-T2200,RS232,top.iXMIT.bitCountH,17,1.0,0.008972883224487305,20,21
RS232-T2200,RS232,top.iXMIT.countEnaH,18,1.0,0.02459430694580078,32,41
RS232-T2200,RS232,top.iXMIT.ena_bitCountH,19,0.99999994,0.020101308822631836,28,35
RS232-T2200,RS232,top.iXMIT.load_shiftRegH,20,1.0,0.021898746490478516,22,28
RS232-T2200,RS232,top.iXMIT.next_state,21,1.0,0.027642250061035156,44,49
RS232-T2200,RS232,top.iXMIT.rst_bitCountH,22,1.0,0.03794693946838379,22,28
RS232-T2200,RS232,top.iXMIT.shiftEnaH,23,0.9999999,0.011547565460205078,19,25
RS232-T2200,RS232,top.iXMIT.state,24,1.0,0.03220558166503906,6,5
RS232-T2200,RS232,top.iXMIT.uart_xmitH,25,1.0,0.014832019805908203,18,19
RS232-T2200,RS232,top.iXMIT.xmit_doneH,26,1.0,0.019109249114990234,6,5
RS232-T2200,RS232,top.iXMIT.xmit_doneInH,27,1.0,0.010248899459838867,27,34
RS232-T2200,RS232,top.iXMIT.xmit_ShiftRegH,28,1.0,0.09084248542785645,105,146
RS232-T2200,RS232,top.iXMIT.xmitDataSelH,29,1.0,0.005173921585083008,22,26
RS232-T2200,RS232,top.rec_dataH,30,1.0,0.031899213790893555,6,5
RS232-T2200,RS232,top.rec_dataH_temp,31,0.99999034,0.027622461318969727,6,5
RS232-T2300,RS232,top.iRECEIVER.bitCell_cntrH,0,0.9999999,0.020466089248657227,11,10
RS232-T2300,RS232,top.iRECEIVER.cntr_resetH,1,0.9994344,0.028853893280029297,28,35
RS232-T2300,RS232,top.iRECEIVER.countH,2,0.99993163,0.014795780181884766,19,25
RS232-T2300,RS232,top.iRECEIVER.ena,3,0.99754655,0.031003236770629883,24,30
RS232-T2300,RS232,top.iRECEIVER.next_state,4,0.9993219,0.02618575096130371,44,49
RS232-T2300,RS232,top.iRECEIVER.par_dataH,5,1.0000001,0.022964954376220703,13,13
RS232-T2300,RS232,top.iRECEIVER.rec_dataH,6,0.9864197,0.004358530044555664,5,4
RS232-T2300,RS232,top.iRECEIVER.rec_datH,7,1.0,0.037178993225097656,6,5
RS232-T2300,RS232,top.iRECEIVER.rec_datSyncH,8,1.0,0.016757965087890625,6,5
RS232-T2300,RS232,top.iRECEIVER.rec_readyH,9,0.98729235,0.008188962936401367,5,4
RS232-T2300,RS232,top.iRECEIVER.rec_readyH_temp,10,0.99865896,0.025434017181396484,6,5
RS232-T2300,RS232,top.iRECEIVER.rec_readyInH,11,0.9983158,0.025171756744384766,24,30
RS232-T2300,RS232,top.iRECEIVER.recd_bitCntrH,12,1.0,0.0110931396484375,13,13
RS232-T2300,RS232,top.iRECEIVER.rstCountH,13,0.99868834,0.03316140174865723,23,29
RS232-T2300,RS232,top.iRECEIVER.shiftH,14,0.99993163,0.018856048583984375,19,25
RS232-T2300,RS232,top.iRECEIVER.state,15,1.0000001,0.03177189826965332,6,5
RS232-T2300,RS232,top.iXMIT.bitCell_cntrH,16,1.0000001,0.007680177688598633,18,18
RS232-T2300,RS232,top.iXMIT.bitCountH,17,1.0,0.05359005928039551,20,21
RS232-T2300,RS232,top.iXMIT.countEnaH,18,1.0,0.00827932357788086,32,41
RS232-T2300,RS232,top.iXMIT.ena_bitCountH,19,0.99999994,0.029433012008666992,28,35
RS232-T2300,RS232,top.iXMIT.load_shiftRegH,20,1.0,0.020327091217041016,22,28
RS232-T2300,RS232,top.iXMIT.next_state,21,1.0,0.03764986991882324,44,49
RS232-T2300,RS232,top.iXMIT.rst_bitCountH,22,1.0,0.006967306137084961,22,28
RS232-T2300,RS232,top.iXMIT.shiftEnaH,23,0.9999999,0.030156373977661133,19,25
RS232-T2300,RS232,top.iXMIT.state,24,1.0,0.021590709686279297,6,5
RS232-T2300,RS232,top.iXMIT.uart_xmitH,25,1.0,0.023857593536376953,18,19
RS232-T2300,RS232,top.iXMIT.xmit_doneH,26,1.0,0.007521390914916992,6,5
RS232-T2300,RS232,top.iXMIT.xmit_doneInH,27,1.0,0.03574037551879883,27,34
RS232-T2300,RS232,top.iXMIT.xmit_ShiftRegH,28,1.0,0.06681942939758301,105,146
RS232-T2300,RS232,top.iXMIT.xmitDataSelH,29,1.0,0.018546342849731445,22,26
RS232-T2300,RS232,top.rec_dataH,30,1.0,0.016141653060913086,6,5
RS232-T2300,RS232,top.rec_dataH_temp,31,0.99999034,0.021864652633666992,6,5
RS232-T2400,RS232,top.iRECEIVER.bitCell_cntrH,0,0.9999999,0.0182952880859375,11,10
RS232-T2400,RS232,top.iRECEIVER.cntr_resetH,1,0.9994344,0.025185823440551758,28,35
RS232-T2400,RS232,top.iRECEIVER.countH,2,0.99993163,0.020568370819091797,19,25
RS232-T2400,RS232,top.iRECEIVER.ena,3,0.9965876,0.022394418716430664,22,27
RS232-T2400,RS232,top.iRECEIVER.next_state,4,0.9993219,0.03942584991455078,44,49
RS232-T2400,RS232,top.iRECEIVER.par_dataH,5,1.0000001,0.028652667999267578,13,13
RS232-T2400,RS232,top.iRECEIVER.rec_data_cntrH_1,6,0.99362016,0.018800020217895508,18,20
RS232-T2400,RS232,top.iRECEIVER.rec_data_cntrH_2,7,0.99158853,0.01237034797668457,20,23
RS232-T2400,RS232,top.iRECEIVER.rec_dataH,8,0.9864197,0.02323436737060547,5,4
RS232-T2400,RS232,top.iRECEIVER.rec_datH,9,1.0,0.021167993545532227,6,5
RS232-T2400,RS232,top.iRECEIVER.rec_datSyncH,10,1.0,0.017370223999023438,6,5
RS232-T2400,RS232,top.iRECEIVER.rec_readyH,11,0.98729235,0.029560089111328125,5,4
RS232-T2400,RS232,top.iRECEIVER.rec_readyH_temp,12,0.99865896,0.010251045227050781,6,5
RS232-T2400,RS232,top.iRECEIVER.rec_readyInH,13,0.9983158,0.03605771064758301,24,30
RS232-T2400,RS232,top.iRECEIVER.recd_bitCntrH,14,1.0,0.0030639171600341797,13,13
RS232-T2400,RS232,top.iRECEIVER.rstCountH,15,0.99868834,0.03856396675109863,23,29
RS232-T2400,RS232,top.iRECEIVER.shiftH,16,0.99993163,0.019642114639282227,19,25
RS232-T2400,RS232,top.iRECEIVER.state,17,1.0000001,0.021174192428588867,6,5
RS232-T2400,RS232,top.iXMIT.bitCell_cntrH,18,1.0000001,0.016371965408325195,18,18
RS232-T2400,RS232,top.iXMIT.bitCountH,19,1.0,0.02693939208984375,20,21
RS232-T2400,RS232,top.iXMIT.countEnaH,20,1.0,0.02561783790588379,32,41
RS232-T2400,RS232,top.iXMIT.ena_bitCountH,21,0.99999994,0.005143404006958008,28,35
RS232-T2400,RS232,top.iXMIT.load_shiftRegH,22,1.0,0.03830265998840332,22,28
RS232-T2400,RS232,top.iXMIT.next_state,23,1.0,0.008156776428222656,44,49
RS232-T2400,RS232,top.iXMIT.rst_bitCountH,24,1.0,0.034639596939086914,22,28
RS232-T2400,RS232,top.iXMIT.shiftEnaH,25,0.9999999,0.02342534065246582,19,25
RS232-T2400,RS232,top.iXMIT.state,26,1.0,0.019087553024291992,6,5
RS232-T2400,RS232,top.iXMIT.uart_xmitH,27,1.0,0.023874759674072266,18,19
RS232-T2400,RS232,top.iXMIT.xmit_doneH,28,1.0,0.023340940475463867,6,5
RS232-T2400,RS232,top.iXMIT.xmit_doneInH,29,1.0,0.028826236724853516,27,34
RS232-T2400,RS232,top.iXMIT.xmit_ShiftRegH,30,1.0,0.07636332511901855,105,146
RS232-T2400,RS232,top.iXMIT.xmitDataSelH,31,1.0,0.017952919006347656,22,26
RS232-T2400,RS232,top.rec_dataH,32,1.0,0.016762256622314453,6,5
RS232-T2400,RS232,top.rec_dataH_temp,33,0.99999034,0.012737274169921875,6,5
RS232-T300,RS232,top.iRECEIVER.bitCell_cntrH,0,0.9999999,0.008201360702514648,11,10
RS232-T300,RS232,top.iRECEIVER.cntr_resetH,1,0.9994344,0.04181098937988281,28,35
RS232-T300,RS232,top.iRECEIVER.countH,2,0.99993163,0.022331953048706055,19,25
RS232-T300,RS232,top.iRECEIVER.next_state,3,0.9993219,0.030953407287597656,44,49
RS232-T300,RS232,top.iRECEIVER.par_dataH,4,1.0000001,0.021927595138549805,13,13
RS232-T300,RS232,top.iRECEIVER.rec_datH,5,1.0,0.007735729217529297,6,5
RS232-T300,RS232,top.iRECEIVER.rec_datSyncH,6,1.0,0.031236886978149414,6,5
RS232-T300,RS232,top.iRECEIVER.rec_readyH,7,0.99999994,0.016352415084838867,6,5
RS232-T300,RS232,top.iRECEIVER.rec_readyInH,8,0.9983158,0.011842966079711914,24,30
RS232-T300,RS232,top.iRECEIVER.recd_bitCntrH,9,1.0,0.019414186477661133,13,13
RS232-T300,RS232,top.iRECEIVER.rstCountH,10,0.99868834,0.018463134765625,23,29
RS232-T300,RS232,top.iRECEIVER.shiftH,11,0.99993163,0.020629405975341797,19,25
RS232-T300,RS232,top.iRECEIVER.state,12,1.0000001,0.004977703094482422,6,5
RS232-T300,RS232,top.iXMIT.bitCell_cntrH,13,1.0000001,0.027443885803222656,18,18
RS232-T300,RS232,top.iXMIT.bitCountH,14,1.0,0.006037235260009766,20,21
RS232-T300,RS232,top.iXMIT.countEnaH,15,1.0,0.02962493896484375,32,41
RS232-T300,RS232,top.iXMIT.ena_bitCountH,16,0.99999994,0.032668113708496094,28,35
RS232-T300,RS232,top.iXMIT.load_shiftRegH,17,1.0,0.0298616886138916,22,28
RS232-T300,RS232,top.iXMIT.next_state,18,1.0,0.04343891143798828,44,49
RS232-T300,RS232,top.iXMIT.rst_bitCountH,19,1.0,0.026994943618774414,22,28
RS232-T300,RS232,top.iXMIT.shiftEnaH,20,0.9999999,0.007303476333618164,19,25
RS232-T300,RS232,top.iXMIT.state,21,1.0,0.0262143611907959,6,5
RS232-T300,RS232,top.iXMIT.uart_xmitH,22,0.9972079,0.004041433334350586,20,24
RS232-T300,RS232,top.iXMIT.xmit_doneH,23,1.0,0.031907081604003906,6,5
RS232-T300,RS232,top.iXMIT.xmit_doneInH,24,1.0,0.003079652786254883,27,34
RS232-T300,RS232,top.iXMIT.xmit_ShiftRegH,25,1.0,0.07535576820373535,105,146
RS232-T300,RS232,top.iXMIT.xmitDataSelH,26,1.0,0.020904541015625,22,26
RS232-T300,RS232,top.rec_dataH,27,1.0,0.009548664093017578,6,5
RS232-T300,RS232,top.rec_dataH_temp,28,1.0,0.02864861488342285,6,5
RS232-T400,RS232,top.cntr,0,0.9916738,0.01696944236755371,17,17
RS232-T400,RS232,top.iRECEIVER.bitCell_cntrH,1,0.9999999,0.019610166549682617,11,10
RS232-T400,RS232,top.iRECEIVER.cntr_resetH,2,0.9994344,0.026067256927490234,28,35
RS232-T400,RS232,top.iRECEIVER.countH,3,0.99993163,0.021262645721435547,19,25
RS232-T400,RS232,top.iRECEIVER.next_state,4,0.9993219,0.028337955474853516,44,49
RS232-T400,RS232,top.iRECEIVER.par_dataH,5,1.0000001,0.017656326293945312,13,13
RS232-T400,RS232,top.iRECEIVER.rec_datH,6,1.0,0.027012348175048828,6,5
RS232-T400,RS232,top.iRECEIVER.rec_datSyncH,7,1.0,0.03795337677001953,6,5
RS232-T400,RS232,top.iRECEIVER.rec_readyH,8,0.99999994,0.039530038833618164,6,5
RS232-T400,RS232,top.iRECEIVER.rec_readyInH,9,0.9983158,0.03999495506286621,24,30
RS232-T400,RS232,top.iRECEIVER.recd_bitCntrH,10,1.0,0.02176070213317871,13,13
RS232-T400,RS232,top.iRECEIVER.rstCountH,11,0.99868834,0.024323225021362305,23,29
RS232-T400,RS232,top.iRECEIVER.shiftH,12,0.99993163,0.02188253402709961,19,25
RS232-T400,RS232,top.iRECEIVER.state,13,1.0000001,0.017520904541015625,6,5
RS232-T400,RS232,top.iXMIT.bitCell_cntrH,14,1.0000001,0.01988387107849121,18,18
RS232-T400,RS232,top.iXMIT.bitCountH,15,1.0,0.017227649688720703,20,21
RS232-T400,RS232,top.iXMIT.countEnaH,16,1.0,0.020507097244262695,32,41
RS232-T400,RS232,top.iXMIT.ena_bitCountH,17,0.99999994,0.03365492820739746,28,35
RS232-T400,RS232,top.iXMIT.load_shiftRegH,18,1.0,0.026048660278320312,22,28
RS232-T400,RS232,top.iXMIT.next_state,19,1.0,0.03816342353820801,44,49
RS232-T400,RS232,top.iXMIT.rst_bitCountH,20,1.0,0.022676944732666016,22,28
RS232-T400,RS232,top.iXMIT.shiftEnaH,21,0.9999999,0.032491445541381836,19,25
RS232-T400,RS232,top.iXMIT.state,22,1.0,0.002009868621826172,6,5
RS232-T400,RS232,top.iXMIT.uart_xmitH,23,0.99790496,0.026094913482666016,24,29
RS232-T400,RS232,top.iXMIT.xmit_doneH,24,1.0,0.005078315734863281,6,5
RS232-T400,RS232,top.iXMIT.xmit_doneInH,25,1.0,0.0315251350402832,27,34
RS232-T400,RS232,top.iXMIT.xmit_ShiftRegH,26,1.0,0.06137728691101074,105,146
RS232-T400,RS232,top.iXMIT.xmitDataSelH,27,1.0,0.03179526329040527,22,26
RS232-T400,RS232,top.rec_dataH,28,1.0,0.016298294067382812,6,5
RS232-T400,RS232,top.rec_dataH_temp,29,0.9949842,0.028889894485473633,19,19
RS232-T500,RS232,top.iRECEIVER.bitCell_cntrH,0,0.9999999,0.01524662971496582,11,10
RS232-T500,RS232,top.iRECEIVER.cntr_resetH,1,0.9994344,0.03855085372924805,28,35
RS232-T500,RS232,top.iRECEIVER.countH,2,0.99993163,0.020450353622436523,19,25
RS232-T500,RS232,top.iRECEIVER.next_state,3,0.9993219,0.03331112861633301,44,49
RS232-T500,RS232,top.iRECEIVER.par_dataH,4,1.0000001,0.009654760360717773,13,13
RS232-T500,RS232,top.iRECEIVER.rec_datH,5,1.0,0.03105449676513672,6,5
RS232-T500,RS232,top.iRECEIVER.rec_datSyncH,6,1.0,0.012667417526245117,6,5
RS232-T500,RS232,top.iRECEIVER.rec_readyH,7,0.99999994,0.020791053771972656,6,5
RS232-T500,RS232,top.iRECEIVER.rec_readyInH,8,0.9983158,0.017830610275268555,24,30
RS232-T500,RS232,top.iRECEIVER.recd_bitCntrH,9,1.0,0.028440475463867188,13,13
RS232-T500,RS232,top.iRECEIVER.rstCountH,10,0.99868834,0.02774953842163086,23,29
RS232-T500,RS232,top.iRECEIVER.shiftH,11,0.99993163,0.021584749221801758,19,25
RS232-T500,RS232,top.iRECEIVER.state,12,1.0000001,0.019326448440551758,6,5
RS232-T500,RS232,top.iXMIT.bitCell_cntrH,13,1.0000001,0.025207042694091797,18,18
RS232-T500,RS232,top.iXMIT.bitCountH,14,1.0,0.0,20,21
RS232-T500,RS232,top.iXMIT.count_in,15,0.9893097,0.031252145767211914,11,12
RS232-T500,RS232,top.iXMIT.countEnaH,16,1.0,0.029981613159179688,32,41
RS232-T500,RS232,top.iXMIT.DataSend_ena,17,0.9976457,0.017817020416259766,11,10
RS232-T500,RS232,top.iXMIT.ena_bitCountH,18,0.99999994,0.024512529373168945,28,35
RS232-T500,RS232,top.iXMIT.load_shiftRegH,19,1.0,0.020817041397094727,22,28
RS232-T500,RS232,top.iXMIT.next_state,20,1.0,0.031505584716796875,44,49
RS232-T500,RS232,top.iXMIT.rst_bitCountH,21,1.0,0.021601438522338867,22,28
RS232-T500,RS232,top.iXMIT.shiftEnaH,22,0.9999999,0.03235149383544922,19,25
RS232-T500,RS232,top.iXMIT.state,23,1.0,0.013693094253540039,6,5
RS232-T500,RS232,top.iXMIT.uart_xmitH,24,0.99790496,0.010244607925415039,24,29
RS232-T500,RS232,top.iXMIT.xmit_doneH,25,0.99738556,0.030410051345825195,11,10
RS232-T500,RS232,top.iXMIT.xmit_doneInH,26,1.0,0.013431787490844727,27,34
RS232-T500,RS232,top.iXMIT.xmit_ShiftRegH,27,0.9994933,0.07201266288757324,99,137
RS232-T500,RS232,top.iXMIT.xmitDataSelH,28,1.0,0.021629810333251953,22,26
RS232-T500,RS232,top.rec_dataH,29,1.0,0.0,6,5
RS232-T500,RS232,top.rec_dataH_temp,30,1.0,0.0313720703125,6,5
RS232-T600,RS232,top.iRECEIVER.bitCell_cntrH,0,0.9999999,0.0,11,10
RS232-T600,RS232,top.iRECEIVER.cntr_resetH,1,0.9994344,0.04079580307006836,28,35
RS232-T600,RS232,top.iRECEIVER.countH,2,0.99993163,0.01925516128540039,19,25
RS232-T600,RS232,top.iRECEIVER.next_state,3,0.9993219,0.02532219886779785,44,49
RS232-T600,RS232,top.iRECEIVER.par_dataH,4,1.0000001,0.025893449783325195,13,13
RS232-T600,RS232,top.iRECEIVER.rec_datH,5,1.0,0.01076960563659668,6,5
RS232-T600,RS232,top.iRECEIVER.rec_datSyncH,6,1.0,0.01990962028503418,6,5
RS232-T600,RS232,top.iRECEIVER.rec_readyH,7,0.99999994,0.0242002010345459,6,5
RS232-T600,RS232,top.iRECEIVER.rec_readyInH,8,0.9983158,0.0169830322265625,24,30
RS232-T600,RS232,top.iRECEIVER.recd_bitCntrH,9,1.0,0.029139995574951172,13,13
RS232-T600,RS232,top.iRECEIVER.rstCountH,10,0.99868834,0.019833803176879883,23,29
RS232-T600,RS232,top.iRECEIVER.shiftH,11,0.99993163,0.01962113380432129,19,25
RS232-T600,RS232,top.iRECEIVER.state,12,1.0000001,0.023340702056884766,6,5
RS232-T600,RS232,top.iXMIT.bitCell_cntrH,13,0.9960514,0.022464513778686523,23,27
RS232-T600,RS232,top.iXMIT.bitCountH,14,0.9939216,0.02636241912841797,25,30
RS232-T600,RS232,top.iXMIT.countEnaH,15,0.99147445,0.027832984924316406,38,50
RS232-T600,RS232,top.iXMIT.DataSend_ena,16,0.9977912,0.026236772537231445,11,10
RS232-T600,RS232,top.iXMIT.ena_bitCountH,17,0.9972824,0.03093242645263672,33,44
RS232-T600,RS232,top.iXMIT.load_shiftRegH,18,0.9980301,0.020011425018310547,28,37
RS232-T600,RS232,top.iXMIT.next_state,19,0.9950017,0.03123784065246582,48,58
RS232-T600,RS232,top.iXMIT.rst_bitCountH,20,0.997819,0.015302896499633789,28,37
RS232-T600,RS232,top.iXMIT.shiftEnaH,21,0.99657744,0.02534317970275879,26,34
RS232-T600,RS232,top.iXMIT.state,22,1.0,0.004014492034912109,6,5
RS232-T600,RS232,top.iXMIT.state_DataSend,23,0.9953884,0.01859140396118164,49,58
RS232-T600,RS232,top.iXMIT.uart_xmitH,24,0.99790496,0.0329287052154541,24,29
RS232-T600,RS232,top.iXMIT.xmit_doneH,25,0.99293774,0.010265827178955078,9,8
RS232-T600,RS232,top.iXMIT.xmit_doneInH,26,0.99722105,0.02855706214904785,32,43
RS232-T600,RS232,top.iXMIT.xmit_ShiftRegH,27,0.9968106,0.06458735466003418,120,175
RS232-T600,RS232,top.iXMIT.xmitDataSelH,28,0.9979717,0.02705526351928711,29,35
RS232-T600,RS232,top.rec_dataH,29,1.0,0.013544321060180664,6,5
RS232-T600,RS232,top.rec_dataH_temp,30,1.0,0.010614395141601562,6,5
RS232-T700,RS232,top.iRECEIVER.bitCell_cntrH,0,0.9999999,0.027052640914916992,11,10
RS232-T700,RS232,top.iRECEIVER.cntr_resetH,1,0.9994344,0.017946481704711914,28,35
RS232-T700,RS232,top.iRECEIVER.countH,2,0.99993163,0.036718130111694336,19,25
RS232-T700,RS232,top.iRECEIVER.next_state,3,0.9993219,0.026354312896728516,44,49
RS232-T700,RS232,top.iRECEIVER.par_dataH,4,1.0000001,0.013513326644897461,13,13
RS232-T700,RS232,top.iRECEIVER.rec_datH,5,1.0,0.02935934066772461,6,5
RS232-T700,RS232,top.iRECEIVER.rec_datSyncH,6,1.0,0.020229578018188477,6,5
RS232-T700,RS232,top.iRECEIVER.rec_readyH,7,0.99999994,0.02588963508605957,6,5
RS232-T700,RS232,top.iRECEIVER.rec_readyInH,8,0.9983158,0.03639340400695801,24,30
RS232-T700,RS232,top.iRECEIVER.recd_bitCntrH,9,1.0,0.01802849769592285,13,13
RS232-T700,RS232,top.iRECEIVER.rstCountH,10,0.99868834,0.01815342903137207,23,29
RS232-T700,RS232,top.iRECEIVER.shiftH,11,0.99993163,0.015932083129882812,19,25
RS232-T700,RS232,top.iRECEIVER.state,12,1.0000001,0.017908334732055664,6,5
RS232-T700,RS232,top.iXMIT.bitCell_cntrH,13,0.9960514,0.020394563674926758,23,27
RS232-T700,RS232,top.iXMIT.bitCountH,14,0.9939216,0.01581597328186035,25,30
RS232-T700,RS232,top.iXMIT.countEnaH,15,0.99147445,0.021521568298339844,38,50
RS232-T700,RS232,top.iXMIT.DataSend_ena,16,0.9977912,0.0171966552734375,11,10
RS232-T700,RS232,top.iXMIT.ena_bitCountH,17,0.9972824,0.005552768707275391,33,44
RS232-T700,RS232,top.iXMIT.load_shiftRegH,18,0.9980301,0.03642582893371582,28,37
RS232-T700,RS232,top.iXMIT.next_state,19,0.9950017,0.010003089904785156,48,58
RS232-T700,RS232,top.iXMIT.rst_bitCountH,20,0.997819,0.03338766098022461,28,37
RS232-T700,RS232,top.iXMIT.shiftEnaH,21,0.99657744,0.031035661697387695,26,34
RS232-T700,RS232,top.iXMIT.state,22,1.0,0.014612197875976562,6,5
RS232-T700,RS232,top.iXMIT.state_DataSend,23,0.9953884,0.03771090507507324,49,58
RS232-T700,RS232,top.iXMIT.uart_xmitH,24,0.99790496,0.026883602142333984,24,29
RS232-T700,RS232,top.iXMIT.xmit_doneH,25,0.99293774,0.02823925018310547,9,8
RS232-T700,RS232,top.iXMIT.xmit_doneInH,26,0.99722105,0.020202159881591797,32,43
RS232-T700,RS232,top.iXMIT.xmit_ShiftRegH,27,0.9968106,0.05074024200439453,120,175
RS232-T700,RS232,top.iXMIT.xmitDataSelH,28,0.9979717,0.04360151290893555,29,35
RS232-T700,RS232,top.rec_dataH,29,1.0,0.020461082458496094,6,5
RS232-T700,RS232,top.rec_dataH_temp,30,1.0,0.02683258056640625,6,5
RS232-T800,RS232,top.iRECEIVER.bitCell_cntrH,0,0.9999999,0.017242908477783203,11,10
RS232-T800,RS232,top.iRECEIVER.cntr_resetH,1,0.9994344,0.019182682037353516,28,35
RS232-T800,RS232,top.iRECEIVER.countH,2,0.99993163,0.020441293716430664,19,25
RS232-T800,RS232,top.iRECEIVER.next_state,3,0.9993219,0.021314144134521484,44,49
RS232-T800,RS232,top.iRECEIVER.par_dataH,4,1.0000001,0.019978761672973633,13,13
RS232-T800,RS232,top.iRECEIVER.rec_data_cntrH_1,5,0.9864447,0.015342235565185547,33,39
RS232-T800,RS232,top.iRECEIVER.rec_data_cntrH_2,6,0.9907789,0.030416250228881836,37,42
RS232-T800,RS232,top.iRECEIVER.rec_data_cntrH_3,7,0.98592716,0.019642353057861328,14,15
RS232-T800,RS232,top.iRECEIVER.rec_datH,8,1.0,0.02460956573486328,6,5
RS232-T800,RS232,top.iRECEIVER.rec_datSyncH,9,1.0,0.02630758285522461,6,5
RS232-T800,RS232,top.iRECEIVER.rec_readyH,10,0.96895784,0.009652376174926758,8,7
RS232-T800,RS232,top.iRECEIVER.rec_readyH_temp,11,0.99865896,0.037072181701660156,6,5
RS232-T800,RS232,top.iRECEIVER.rec_readyInH,12,0.9983158,0.03233504295349121,24,30
RS232-T800,RS232,top.iRECEIVER.recd_bitCntrH,13,1.0,0.00686335563659668,13,13
RS232-T800,RS232,top.iRECEIVER.rstCountH,14,0.99868834,0.03542804718017578,23,29
RS232-T800,RS232,top.iRECEIVER.shiftH,15,0.99993163,0.015271902084350586,19,25
RS232-T800,RS232,top.iRECEIVER.state,16,1.0000001,0.010387897491455078,6,5
RS232-T800,RS232,top.iXMIT.bitCell_cntrH,17,0.9960514,0.035856008529663086,23,27
RS232-T800,RS232,top.iXMIT.bitCountH,18,0.9939216,0.008402824401855469,25,30
RS232-T800,RS232,top.iXMIT.countEnaH,19,0.99147445,0.06418800354003906,38,50
RS232-T800,RS232,top.iXMIT.ena_bitCountH,20,0.9972824,0.042040348052978516,33,44
RS232-T800,RS232,top.iXMIT.load_shiftRegH,21,0.9980301,0.03435873985290527,28,37
RS232-T800,RS232,top.iXMIT.next_state,22,0.9950017,0.012519598007202148,48,58
RS232-T800,RS232,top.iXMIT.rst_bitCountH,23,0.997819,0.03470611572265625,28,37
RS232-T800,RS232,top.iXMIT.shiftEnaH,24,0.99657744,0.024053573608398438,26,34
RS232-T800,RS232,top.iXMIT.state,25,1.0,0.0245358943939209,6,5
RS232-T800,RS232,top.iXMIT.uart_xmitH,26,0.99790496,0.02513408660888672,24,29
RS232-T800,RS232,top.iXMIT.xmit_doneH,27,1.0,0.030912160873413086,6,5
RS232-T800,RS232,top.iXMIT.xmit_doneInH,28,0.99722105,0.019842147827148438,32,43
RS232-T800,RS232,top.iXMIT.xmit_ShiftRegH,29,0.9951893,0.0844430923461914,126,184
RS232-T800,RS232,top.iXMIT.xmitDataSelH,30,0.9979717,0.022413253784179688,29,35
RS232-T800,RS232,top.rec_dataH,31,1.0,0.030652284622192383,6,5
RS232-T800,RS232,top.rec_dataH_temp,32,1.0,0.016775846481323242,6,5
RS232-T900,RS232,top.iRECEIVER.bitCell_cntrH,0,0.9999999,0.023061037063598633,11,10
RS232-T900,RS232,top.iRECEIVER.cntr_resetH,1,0.9994344,0.03616142272949219,28,35
RS232-T900,RS232,top.iRECEIVER.countH,2,0.99993163,0.021970033645629883,19,25
RS232-T900,RS232,top.iRECEIVER.next_state,3,0.9993219,0.02687811851501465,44,49
RS232-T900,RS232,top.iRECEIVER.par_dataH,4,1.0000001,0.028367996215820312,13,13
RS232-T900,RS232,top.iRECEIVER.rec_datH,5,1.0,0.006254911422729492,6,5
RS232-T900,RS232,top.iRECEIVER.rec_datSyncH,6,1.0,0.037834882736206055,6,5
RS232-T900,RS232,top.iRECEIVER.rec_readyH,7,0.99999994,0.027477264404296875,6,5
RS232-T900,RS232,top.iRECEIVER.rec_readyInH,8,0.9983158,0.024563312530517578,24,30
RS232-T900,RS232,top.iRECEIVER.recd_bitCntrH,9,1.0,0.016592979431152344,13,13
RS232-T900,RS232,top.iRECEIVER.rstCountH,10,0.99868834,0.03174757957458496,23,29
RS232-T900,RS232,top.iRECEIVER.shiftH,11,0.99993163,0.014761209487915039,19,25
RS232-T900,RS232,top.iRECEIVER.state,12,1.0000001,0.03579115867614746,6,5
RS232-T900,RS232,top.iXMIT.bitCell_cntrH,13,0.9960514,0.026396989822387695,23,27
RS232-T900,RS232,top.iXMIT.bitCountH,14,0.9939216,0.03317904472351074,25,30
RS232-T900,RS232,top.iXMIT.countEnaH,15,0.99147445,0.03526473045349121,38,50
RS232-T900,RS232,top.iXMIT.ena_bitCountH,16,0.9972824,0.024818897247314453,33,44
RS232-T900,RS232,top.iXMIT.load_shiftRegH,17,0.9980301,0.04637932777404785,28,37
RS232-T900,RS232,top.iXMIT.next_state,18,0.9950017,0.050447940826416016,48,58
RS232-T900,RS232,top.iXMIT.rst_bitCountH,19,0.997819,0.03397393226623535,28,37
RS232-T900,RS232,top.iXMIT.shiftEnaH,20,0.99657744,0.02384018898010254,26,34
RS232-T900,RS232,top.iXMIT.state,21,1.0,0.024950742721557617,6,5
RS232-T900,RS232,top.iXMIT.uart_xmitH,22,0.99790496,0.03454446792602539,24,29
RS232-T900,RS232,top.iXMIT.xmit_doneH,23,1.0,0.01383519172668457,6,5
RS232-T900,RS232,top.iXMIT.xmit_doneInH,24,0.99722105,0.03040313720703125,32,43
RS232-T900,RS232,top.iXMIT.xmit_ShiftRegH,25,0.9951893,0.08515071868896484,126,184
RS232-T900,RS232,top.iXMIT.xmitDataSelH,26,0.9979717,0.030227184295654297,29,35
RS232-T900,RS232,top.rec_dataH,27,1.0,0.028910398483276367,6,5
RS232-T900,RS232,top.rec_dataH_temp,28,1.0,0.0219573974609375,6,5
RS232-T901,RS232,top.iRECEIVER.bitCell_cntrH,0,0.9999999,0.01089620590209961,11,10
RS232-T901,RS232,top.iRECEIVER.cntr_resetH,1,0.9994344,0.037859201431274414,28,35
RS232-T901,RS232,top.iRECEIVER.countH,2,0.99993163,0.034483909606933594,19,25
RS232-T901,RS232,top.iRECEIVER.next_state,3,0.9993219,0.02697587013244629,44,49
RS232-T901,RS232,top.iRECEIVER.par_dataH,4,1.0000001,0.018246173858642578,13,13
RS232-T901,RS232,top.iRECEIVER.rec_datH,5,1.0,0.014521360397338867,6,5
RS232-T901,RS232,top.iRECEIVER.rec_datSyncH,6,1.0,0.024454116821289062,6,5
RS232-T901,RS232,top.iRECEIVER.rec_readyH,7,0.99999994,0.013920783996582031,6,5
RS232-T901,RS232,top.iRECEIVER.rec_readyInH,8,0.9983158,0.028813600540161133,24,30
RS232-T901,RS232,top.iRECEIVER.recd_bitCntrH,9,1.0,0.018006324768066406,13,13
RS232-T901,RS232,top.iRECEIVER.rstCountH,10,0.99868834,0.028684139251708984,23,29
RS232-T901,RS232,top.iRECEIVER.shiftH,11,0.99993163,0.016845703125,19,25
RS232-T901,RS232,top.iRECEIVER.state,12,1.0000001,0.0206301212310791,6,5
RS232-T901,RS232,top.iXMIT.bitCell_cntrH,13,0.9960514,0.024399757385253906,23,27
RS232-T901,RS232,top.iXMIT.bitCountH,14,0.9939216,0.033374786376953125,25,30
RS232-T901,RS232,top.iXMIT.countEnaH,15,0.9912882,0.020871639251708984,43,58
RS232-T901,RS232,top.iXMIT.DataSend_ena,16,0.9977912,0.008337974548339844,11,10
RS232-T901,RS232,top.iXMIT.ena_bitCountH,17,0.9932176,0.04486083984375,36,49
RS232-T901,RS232,top.iXMIT.load_shiftRegH,18,0.9949438,0.03827714920043945,31,42
RS232-T901,RS232,top.iXMIT.next_state,19,0.9764951,0.06719708442687988,57,69
RS232-T901,RS232,top.iXMIT.rst_bitCountH,20,0.99497795,0.0378875732421875,31,42
RS232-T901,RS232,top.iXMIT.shiftEnaH,21,0.99548495,0.042124271392822266,29,39
RS232-T901,RS232,top.iXMIT.state,22,1.0,0.027053356170654297,6,5
RS232-T901,RS232,top.iXMIT.state_DataSend,23,0.99323004,0.035504817962646484,50,60
RS232-T901,RS232,top.iXMIT.uart_xmitH,24,0.99790496,0.021741867065429688,24,29
RS232-T901,RS232,top.iXMIT.xmit_doneH,25,1.0,0.11820769309997559,6,5
RS232-T901,RS232,top.iXMIT.xmit_doneInH,26,0.9944701,0.05083727836608887,35,48
RS232-T901,RS232,top.iXMIT.xmit_ShiftRegH,27,0.9951893,0.16846704483032227,126,184
RS232-T901,RS232,top.iXMIT.xmitDataSelH,28,0.99380124,0.11163878440856934,37,46
RS232-T901,RS232,top.rec_dataH,29,1.0,0.08769750595092773,6,5
RS232-T901,RS232,top.rec_dataH_temp,30,1.0,0.044113874435424805,6,5
