circuit_name,base_name,signal_name,subgraph_index,similarity,diff_score,detection_time,node_count,edge_count
PIC16F84-T100,PIC16F84,top.add_node,0,0.5857864417795234,0.70710677,0.27985215187072754,13,12
PIC16F84-T100,PIC16F84,top.addlow_node,1,0.5857864417795234,0.70710677,0.21135997772216797,19,18
PIC16F84-T100,PIC16F84,top.addr_eecon1,2,0.5857864417795234,0.70710677,0.17966127395629883,7,6
PIC16F84-T100,PIC16F84,top.addr_eecon2,3,0.5857864417795234,0.70710677,0.18799495697021484,7,6
PIC16F84-T100,PIC16F84,top.addr_eep_adr,4,0.5857864417795234,0.70710677,0.20832061767578125,7,6
PIC16F84-T100,PIC16F84,top.addr_eep_dat,5,0.5857864417795234,0.70710677,0.20624136924743652,7,6
PIC16F84-T100,PIC16F84,top.addr_fsr,6,0.5857864417795234,0.70710677,0.1549685001373291,7,6
PIC16F84-T100,PIC16F84,top.addr_intcon,7,0.5857864417795234,0.70710677,0.2624833583831787,7,6
PIC16F84-T100,PIC16F84,top.addr_option,8,0.5857864417795234,0.70710677,0.15697145462036133,7,6
PIC16F84-T100,PIC16F84,top.addr_pcl,9,0.5857864417795234,0.70710677,0.24224495887756348,7,6
PIC16F84-T100,PIC16F84,top.addr_pclath,10,0.5857864417795234,0.70710677,0.14119911193847656,7,6
PIC16F84-T100,PIC16F84,top.addr_porta,11,0.5857864417795234,0.70710677,0.1768643856048584,7,6
PIC16F84-T100,PIC16F84,top.addr_portb,12,0.5857864417795234,0.70710677,0.13996624946594238,7,6
PIC16F84-T100,PIC16F84,top.addr_sram,13,0.5857864417795234,0.70710677,0.19479012489318848,7,6
PIC16F84-T100,PIC16F84,top.addr_stat,14,0.5857864417795234,0.70710677,0.13930463790893555,7,6
PIC16F84-T100,PIC16F84,top.addr_tmr0,15,0.5857864417795234,0.70710677,0.1576838493347168,7,6
PIC16F84-T100,PIC16F84,top.addr_trisa,16,0.5857864417795234,0.70710677,0.1196744441986084,7,6
PIC16F84-T100,PIC16F84,top.addr_trisb,17,0.5857864417795234,0.70710677,0.15016555786132812,7,6
PIC16F84-T100,PIC16F84,top.aluinp1_reg,18,0.5857864417795234,0.70710677,0.27985143661499023,78,82
PIC16F84-T100,PIC16F84,top.aluinp2_reg,19,0.5857864417795234,0.70710677,0.22109198570251465,45,51
PIC16F84-T100,PIC16F84,top.aluout_reg,20,0.5857864417795234,0.70710677,0.31162071228027344,96,113
PIC16F84-T100,PIC16F84,top.aluout_zero_node,21,0.5857864417795234,0.70710677,0.14806842803955078,7,6
PIC16F84-T100,PIC16F84,top.clk_o_reg,22,0.5857864417795234,0.70710677,0.1641390323638916,20,26
PIC16F84-T100,PIC16F84,top.Counter,23,0.29015433929852213,2.4464417,0.34058618545532227,89,109
PIC16F84-T100,PIC16F84,top.dtemp,24,0.5857864417795234,0.70710677,0.1603860855102539,19,18
PIC16F84-T100,PIC16F84,top.eecon1_reg,25,0.5857864417795234,0.70710677,0.46470212936401367,164,240
PIC16F84-T100,PIC16F84,top.eep_adr_reg,26,0.5857864417795234,0.70710677,0.18494915962219238,29,39
PIC16F84-T100,PIC16F84,top.eep_dat_reg,27,0.5857864417795234,0.70710677,0.23563694953918457,39,51
PIC16F84-T100,PIC16F84,top.exec_op_reg,28,0.5857864417795234,0.70710677,0.24071884155273438,58,67
PIC16F84-T100,PIC16F84,top.fsr_reg,29,0.5857864417795234,0.70710677,0.1792140007019043,29,39
PIC16F84-T100,PIC16F84,top.inc_pc_node,30,0.5857864417795234,0.70710677,0.16107726097106934,4,3
PIC16F84-T100,PIC16F84,top.inc_tmr_clk,31,0.5857864417795234,0.70710677,0.14945697784423828,8,7
PIC16F84-T100,PIC16F84,top.inc_tmr_hold_reg,32,0.5857864417795234,0.70710677,0.18589997291564941,36,48
PIC16F84-T100,PIC16F84,top.inc_tmr_sync_reg,33,0.5857864417795234,0.70710677,0.14030885696411133,7,6
PIC16F84-T100,PIC16F84,top.inst_addlw,34,0.5857864417795234,0.70710677,0.15428757667541504,7,6
PIC16F84-T100,PIC16F84,top.inst_addwf,35,0.5857864417795234,0.70710677,0.14055466651916504,7,6
PIC16F84-T100,PIC16F84,top.inst_andlw,36,0.5857864417795234,0.70710677,0.15537571907043457,7,6
PIC16F84-T100,PIC16F84,top.inst_andwf,37,0.5857864417795234,0.70710677,0.146073579788208,7,6
PIC16F84-T100,PIC16F84,top.inst_bcf,38,0.5857864417795234,0.70710677,0.14127254486083984,7,6
PIC16F84-T100,PIC16F84,top.inst_bsf,39,0.5857864417795234,0.70710677,0.1315762996673584,7,6
PIC16F84-T100,PIC16F84,top.inst_btfsc,40,0.5857864417795234,0.70710677,0.12946152687072754,7,6
PIC16F84-T100,PIC16F84,top.inst_btfss,41,0.5857864417795234,0.70710677,0.1493978500366211,7,6
PIC16F84-T100,PIC16F84,top.inst_call,42,0.5857864417795234,0.70710677,0.13297033309936523,7,6
PIC16F84-T100,PIC16F84,top.inst_clrf,43,0.5857864417795234,0.70710677,0.11485648155212402,7,6
PIC16F84-T100,PIC16F84,top.inst_clrw,44,0.5857864417795234,0.70710677,0.1414470672607422,7,6
PIC16F84-T100,PIC16F84,top.inst_clrwdt,45,0.5857864417795234,0.70710677,0.17317962646484375,4,3
PIC16F84-T100,PIC16F84,top.inst_comf,46,0.5857864417795234,0.70710677,0.15297174453735352,7,6
PIC16F84-T100,PIC16F84,top.inst_decf,47,0.5857864417795234,0.70710677,0.15662407875061035,7,6
PIC16F84-T100,PIC16F84,top.inst_decfsz,48,0.5857864417795234,0.70710677,0.1566636562347412,7,6
PIC16F84-T100,PIC16F84,top.inst_goto,49,0.5857864417795234,0.70710677,0.1462721824645996,7,6
PIC16F84-T100,PIC16F84,top.inst_incf,50,0.5857864417795234,0.70710677,0.1439344882965088,7,6
PIC16F84-T100,PIC16F84,top.inst_incfsz,51,0.5857864417795234,0.70710677,0.1510145664215088,7,6
PIC16F84-T100,PIC16F84,top.inst_iorlw,52,0.5857864417795234,0.70710677,0.2172255516052246,7,6
PIC16F84-T100,PIC16F84,top.inst_iorwf,53,0.5857864417795234,0.70710677,0.26479411125183105,7,6
PIC16F84-T100,PIC16F84,top.inst_movf,54,0.5857864417795234,0.70710677,0.1751270294189453,7,6
PIC16F84-T100,PIC16F84,top.inst_movlw,55,0.5857864417795234,0.70710677,0.18306875228881836,7,6
PIC16F84-T100,PIC16F84,top.inst_movwf,56,0.5857864417795234,0.70710677,0.13743209838867188,7,6
PIC16F84-T100,PIC16F84,top.inst_reg,57,0.5857864417795234,0.70710677,0.19457745552062988,19,26
PIC16F84-T100,PIC16F84,top.inst_ret,58,0.5857864417795234,0.70710677,0.15124797821044922,4,3
PIC16F84-T100,PIC16F84,top.inst_retfie,59,0.5857864417795234,0.70710677,0.298297643661499,4,3
PIC16F84-T100,PIC16F84,top.inst_retlw,60,0.5857864417795234,0.70710677,0.31394362449645996,7,6
PIC16F84-T100,PIC16F84,top.inst_rlf,61,0.5857864417795234,0.70710677,0.29398417472839355,7,6
PIC16F84-T100,PIC16F84,top.inst_rrf,62,0.5857864417795234,0.70710677,0.18515992164611816,7,6
PIC16F84-T100,PIC16F84,top.inst_sleep,63,0.5857864417795234,0.70710677,0.13025283813476562,4,3
PIC16F84-T100,PIC16F84,top.inst_sublw,64,0.5857864417795234,0.70710677,0.16135430335998535,7,6
PIC16F84-T100,PIC16F84,top.inst_subwf,65,0.5857864417795234,0.70710677,0.15878653526306152,7,6
PIC16F84-T100,PIC16F84,top.inst_swapf,66,0.5857864417795234,0.70710677,0.1372067928314209,7,6
PIC16F84-T100,PIC16F84,top.inst_xorlw,67,0.5857864417795234,0.70710677,0.2038123607635498,7,6
PIC16F84-T100,PIC16F84,top.inst_xorwf,68,0.5857864417795234,0.70710677,0.15510082244873047,7,6
PIC16F84-T100,PIC16F84,top.int_node,69,0.5857864417795234,0.70710677,0.2099010944366455,38,44
PIC16F84-T100,PIC16F84,top.intclr0,70,0.5857864417795234,0.70710677,0.13283443450927734,5,4
PIC16F84-T100,PIC16F84,top.intclr1,71,0.5857864417795234,0.70710677,0.15747904777526855,5,4
PIC16F84-T100,PIC16F84,top.intclr2,72,0.5857864417795234,0.70710677,0.13954496383666992,5,4
PIC16F84-T100,PIC16F84,top.intclr3,73,0.5857864417795234,0.70710677,0.14802908897399902,5,4
PIC16F84-T100,PIC16F84,top.intclr4,74,0.5857864417795234,0.70710677,0.14863252639770508,5,4
PIC16F84-T100,PIC16F84,top.intclr_reg,75,0.5857864417795234,0.70710677,0.20145654678344727,46,56
PIC16F84-T100,PIC16F84,top.intcon_reg,76,0.5857864417795234,0.70710677,0.4998331069946289,179,252
PIC16F84-T100,PIC16F84,top.intdown_reg,77,0.5857864417795234,0.70710677,0.3187732696533203,77,135
PIC16F84-T100,PIC16F84,top.inte,78,0.5857864417795234,0.70710677,0.1290745735168457,7,6
PIC16F84-T100,PIC16F84,top.intrise_reg,79,0.5857864417795234,0.70710677,0.2793869972229004,69,116
PIC16F84-T100,PIC16F84,top.intstart_reg,80,0.5857864417795234,0.70710677,0.20899486541748047,31,40
PIC16F84-T100,PIC16F84,top.mask_node,81,0.5857864417795234,0.70710677,0.15409278869628906,7,6
PIC16F84-T100,PIC16F84,top.option_reg,82,0.5857864417795234,0.70710677,0.1962735652923584,30,39
PIC16F84-T100,PIC16F84,top.pc_reg,83,0.5857864417795234,0.70710677,0.2797551155090332,71,83
PIC16F84-T100,PIC16F84,top.pclath_reg,84,0.5857864417795234,0.70710677,0.20248961448669434,33,42
PIC16F84-T100,PIC16F84,top.porta_i_sync_reg,85,0.5857864417795234,0.70710677,0.1488628387451172,10,11
PIC16F84-T100,PIC16F84,top.porta_o_reg,86,0.5857864417795234,0.70710677,0.203887939453125,32,42
PIC16F84-T100,PIC16F84,top.portb_i_sync_reg,87,0.5857864417795234,0.70710677,0.14036226272583008,10,11
PIC16F84-T100,PIC16F84,top.portb_o_reg,88,0.5857864417795234,0.70710677,0.19872307777404785,29,39
PIC16F84-T100,PIC16F84,top.prog_adr_o,89,0.29618655321533666,2.3762505,0.17474126815795898,8,8
PIC16F84-T100,PIC16F84,top.ps_clk,90,0.5857864417795234,0.70710677,0.15225601196289062,12,12
PIC16F84-T100,PIC16F84,top.ps_full_reg,91,0.5857864417795234,0.70710677,0.1508030891418457,11,10
PIC16F84-T100,PIC16F84,top.pscale_reg,92,0.5857864417795234,0.70710677,0.18505501747131348,12,12
PIC16F84-T100,PIC16F84,top.ram_adr_node,93,0.5857864417795234,0.70710677,0.16888713836669922,21,22
PIC16F84-T100,PIC16F84,top.ram_adr_reg,94,0.5857864417795234,0.70710677,0.1806049346923828,21,29
PIC16F84-T100,PIC16F84,top.ram_i_node,95,0.5857864417795234,0.70710677,0.38678598403930664,131,155
PIC16F84-T100,PIC16F84,top.rateval,96,0.5857864417795234,0.70710677,0.25107383728027344,63,69
PIC16F84-T100,PIC16F84,top.rb0_int,97,0.5857864417795234,0.70710677,0.15910744667053223,14,13
PIC16F84-T100,PIC16F84,top.rb4_int,98,0.5857864417795234,0.70710677,0.15273165702819824,10,9
PIC16F84-T100,PIC16F84,top.rb5_int,99,0.5857864417795234,0.70710677,0.17645955085754395,10,9
PIC16F84-T100,PIC16F84,top.rb6_int,100,0.5857864417795234,0.70710677,0.1433117389678955,10,9
PIC16F84-T100,PIC16F84,top.rb7_int,101,0.5857864417795234,0.70710677,0.15435409545898438,10,9
PIC16F84-T100,PIC16F84,top.rbint,102,0.5857864417795234,0.70710677,0.15430474281311035,13,12
PIC16F84-T100,PIC16F84,top.rbpu_o,103,0.5857864417795234,0.70710677,0.14049696922302246,5,4
PIC16F84-T100,PIC16F84,top.rd_eep_req_o,104,0.5857864417795234,0.70710677,0.14112520217895508,5,4
PIC16F84-T100,PIC16F84,top.readram_o,105,0.5857864417795234,0.70710677,0.13875699043273926,7,6
PIC16F84-T100,PIC16F84,top.reset_cond,106,0.5857864417795234,0.70710677,0.1726522445678711,11,10
PIC16F84-T100,PIC16F84,top.sleepflag_reg,107,0.5857864417795234,0.70710677,0.2468278408050537,48,65
PIC16F84-T100,PIC16F84,top.stack_pnt_reg,108,0.5857864417795234,0.70710677,0.23392939567565918,44,59
PIC16F84-T100,PIC16F84,top.startclk_o,109,0.5857864417795234,0.70710677,0.15917634963989258,12,11
PIC16F84-T100,PIC16F84,top.state_reg,110,0.5857864417795234,0.70710677,0.2314760684967041,44,53
PIC16F84-T100,PIC16F84,top.status_reg,111,0.5857864417795234,0.70710677,0.6391496658325195,236,340
PIC16F84-T100,PIC16F84,top.temp,112,0.5857864417795234,0.70710677,0.1421504020690918,13,12
PIC16F84-T100,PIC16F84,top.tmr0_reg,113,0.5857864417795234,0.70710677,0.21144437789916992,38,48
PIC16F84-T100,PIC16F84,top.trisa_reg,114,0.5857864417795234,0.70710677,0.20372343063354492,33,42
PIC16F84-T100,PIC16F84,top.trisb_reg,115,0.5857864417795234,0.70710677,0.19470691680908203,30,39
PIC16F84-T100,PIC16F84,top.w_reg,116,0.5857864417795234,0.70710677,0.17656397819519043,27,36
PIC16F84-T100,PIC16F84,top.wdt_clr_ack,117,0.5857864417795234,0.70710677,0.17236733436584473,5,4
PIC16F84-T100,PIC16F84,top.wdt_clr_reg,118,0.5857864417795234,0.70710677,0.1849808692932129,31,33
PIC16F84-T100,PIC16F84,top.wdt_clr_req_reg,119,0.5857864417795234,0.70710677,0.17233681678771973,13,14
PIC16F84-T100,PIC16F84,top.wdt_clr_reqhold_reg,120,0.5857864417795234,0.70710677,0.20398736000061035,30,34
PIC16F84-T100,PIC16F84,top.wdt_full_clr_reg,121,0.5857864417795234,0.70710677,0.15333199501037598,14,13
PIC16F84-T100,PIC16F84,top.wdt_full_node,122,0.5857864417795234,0.70710677,0.18252277374267578,13,14
PIC16F84-T100,PIC16F84,top.wdt_full_reg,123,0.5857864417795234,0.70710677,0.16602611541748047,19,20
PIC16F84-T100,PIC16F84,top.wdt_full_sync_reg,124,0.5857864417795234,0.70710677,0.1574411392211914,14,13
PIC16F84-T100,PIC16F84,top.wdt_fullclr_req_reg,125,0.5857864417795234,0.70710677,0.16556429862976074,16,17
PIC16F84-T100,PIC16F84,top.wdt_init,126,0.5857864417795234,0.70710677,0.1457669734954834,6,5
PIC16F84-T100,PIC16F84,top.wdt_reg,127,0.5857864417795234,0.70710677,0.17288422584533691,21,22
PIC16F84-T100,PIC16F84,top.wdt_rst_node,128,0.5857864417795234,0.70710677,0.16017842292785645,10,10
PIC16F84-T100,PIC16F84,top.wr_eep_req_o,129,0.5857864417795234,0.70710677,0.1452484130859375,5,4
PIC16F84-T100,PIC16F84,top.writeram_node,130,0.5857864417795234,0.70710677,0.27661776542663574,63,62
PIC16F84-T100,PIC16F84,top.writeram_reg,131,0.5857864417795234,0.70710677,0.22151899337768555,32,37
PIC16F84-T100,PIC16F84,top.writew_node,132,0.5857864417795234,0.70710677,0.2484142780303955,64,63
PIC16F84-T200,PIC16F84,top.add_node,0,0.5857864417795234,0.70710677,0.19916009902954102,13,12
PIC16F84-T200,PIC16F84,top.addlow_node,1,0.5857864417795234,0.70710677,0.1865394115447998,19,18
PIC16F84-T200,PIC16F84,top.addr_eecon1,2,0.5857864417795234,0.70710677,0.1414194107055664,7,6
PIC16F84-T200,PIC16F84,top.addr_eecon2,3,0.5857864417795234,0.70710677,0.14748620986938477,7,6
PIC16F84-T200,PIC16F84,top.addr_eep_adr,4,0.5857864417795234,0.70710677,0.14499187469482422,7,6
PIC16F84-T200,PIC16F84,top.addr_eep_dat,5,0.5857864417795234,0.70710677,0.15096259117126465,7,6
PIC16F84-T200,PIC16F84,top.addr_fsr,6,0.5857864417795234,0.70710677,0.1388869285583496,7,6
PIC16F84-T200,PIC16F84,top.addr_intcon,7,0.5857864417795234,0.70710677,0.1392054557800293,7,6
PIC16F84-T200,PIC16F84,top.addr_option,8,0.5857864417795234,0.70710677,0.15272021293640137,7,6
PIC16F84-T200,PIC16F84,top.addr_pcl,9,0.5857864417795234,0.70710677,0.1325054168701172,7,6
PIC16F84-T200,PIC16F84,top.addr_pclath,10,0.5857864417795234,0.70710677,0.15801787376403809,7,6
PIC16F84-T200,PIC16F84,top.addr_porta,11,0.5857864417795234,0.70710677,0.14467191696166992,7,6
PIC16F84-T200,PIC16F84,top.addr_portb,12,0.5857864417795234,0.70710677,0.1433579921722412,7,6
PIC16F84-T200,PIC16F84,top.addr_sram,13,0.5857864417795234,0.70710677,0.16649127006530762,7,6
PIC16F84-T200,PIC16F84,top.addr_stat,14,0.5857864417795234,0.70710677,0.12779569625854492,7,6
PIC16F84-T200,PIC16F84,top.addr_tmr0,15,0.5857864417795234,0.70710677,0.15549540519714355,7,6
PIC16F84-T200,PIC16F84,top.addr_trisa,16,0.5857864417795234,0.70710677,0.13222479820251465,7,6
PIC16F84-T200,PIC16F84,top.addr_trisb,17,0.5857864417795234,0.70710677,0.14568471908569336,7,6
PIC16F84-T200,PIC16F84,top.aluinp1_reg,18,0.5857864417795234,0.70710677,0.2962768077850342,78,82
PIC16F84-T200,PIC16F84,top.aluinp2_reg,19,0.5857864417795234,0.70710677,0.2174379825592041,45,51
PIC16F84-T200,PIC16F84,top.aluout_reg,20,0.5857864417795234,0.70710677,0.3566868305206299,96,113
PIC16F84-T200,PIC16F84,top.aluout_zero_node,21,0.5857864417795234,0.70710677,0.14771747589111328,7,6
PIC16F84-T200,PIC16F84,top.clk_o_reg,22,0.5857864417795234,0.70710677,0.18602514266967773,20,26
PIC16F84-T200,PIC16F84,top.Counter,23,0.29015433929852213,2.4464417,0.31819725036621094,89,109
PIC16F84-T200,PIC16F84,top.dtemp,24,0.5857864417795234,0.70710677,0.1932847499847412,19,18
PIC16F84-T200,PIC16F84,top.eecon1_reg,25,0.5857864417795234,0.70710677,0.511376142501831,164,240
PIC16F84-T200,PIC16F84,top.eep_adr_reg,26,0.5857864417795234,0.70710677,0.19263744354248047,29,39
PIC16F84-T200,PIC16F84,top.eep_dat_reg,27,0.5857864417795234,0.70710677,0.20792746543884277,39,51
PIC16F84-T200,PIC16F84,top.exec_op_reg,28,0.5857864417795234,0.70710677,0.2657747268676758,58,67
PIC16F84-T200,PIC16F84,top.fsr_reg,29,0.5857864417795234,0.70710677,0.2088179588317871,29,39
PIC16F84-T200,PIC16F84,top.inc_pc_node,30,0.5857864417795234,0.70710677,0.14841222763061523,4,3
PIC16F84-T200,PIC16F84,top.inc_tmr_clk,31,0.5857864417795234,0.70710677,0.1636505126953125,8,7
PIC16F84-T200,PIC16F84,top.inc_tmr_hold_reg,32,0.5857864417795234,0.70710677,0.1995699405670166,36,48
PIC16F84-T200,PIC16F84,top.inc_tmr_sync_reg,33,0.5857864417795234,0.70710677,0.14252853393554688,7,6
PIC16F84-T200,PIC16F84,top.inst_addlw,34,0.5857864417795234,0.70710677,0.14813590049743652,7,6
PIC16F84-T200,PIC16F84,top.inst_addwf,35,0.5857864417795234,0.70710677,0.16025900840759277,7,6
PIC16F84-T200,PIC16F84,top.inst_andlw,36,0.5857864417795234,0.70710677,0.14913249015808105,7,6
PIC16F84-T200,PIC16F84,top.inst_andwf,37,0.5857864417795234,0.70710677,0.1271216869354248,7,6
PIC16F84-T200,PIC16F84,top.inst_bcf,38,0.5857864417795234,0.70710677,0.16956043243408203,7,6
PIC16F84-T200,PIC16F84,top.inst_bsf,39,0.5857864417795234,0.70710677,0.14529085159301758,7,6
PIC16F84-T200,PIC16F84,top.inst_btfsc,40,0.5857864417795234,0.70710677,0.14764165878295898,7,6
PIC16F84-T200,PIC16F84,top.inst_btfss,41,0.5857864417795234,0.70710677,0.1424107551574707,7,6
PIC16F84-T200,PIC16F84,top.inst_call,42,0.5857864417795234,0.70710677,0.14192438125610352,7,6
PIC16F84-T200,PIC16F84,top.inst_clrf,43,0.5857864417795234,0.70710677,0.14595603942871094,7,6
PIC16F84-T200,PIC16F84,top.inst_clrw,44,0.5857864417795234,0.70710677,0.14842629432678223,7,6
PIC16F84-T200,PIC16F84,top.inst_clrwdt,45,0.5857864417795234,0.70710677,0.13658881187438965,4,3
PIC16F84-T200,PIC16F84,top.inst_comf,46,0.5857864417795234,0.70710677,0.15967488288879395,7,6
PIC16F84-T200,PIC16F84,top.inst_decf,47,0.5857864417795234,0.70710677,0.13262724876403809,7,6
PIC16F84-T200,PIC16F84,top.inst_decfsz,48,0.5857864417795234,0.70710677,0.12869548797607422,7,6
PIC16F84-T200,PIC16F84,top.inst_goto,49,0.5857864417795234,0.70710677,0.15548348426818848,7,6
PIC16F84-T200,PIC16F84,top.inst_incf,50,0.5857864417795234,0.70710677,0.15367913246154785,7,6
PIC16F84-T200,PIC16F84,top.inst_incfsz,51,0.5857864417795234,0.70710677,0.12508368492126465,7,6
PIC16F84-T200,PIC16F84,top.inst_iorlw,52,0.5857864417795234,0.70710677,0.1719341278076172,7,6
PIC16F84-T200,PIC16F84,top.inst_iorwf,53,0.5857864417795234,0.70710677,0.15555715560913086,7,6
PIC16F84-T200,PIC16F84,top.inst_movf,54,0.5857864417795234,0.70710677,0.14003443717956543,7,6
PIC16F84-T200,PIC16F84,top.inst_movlw,55,0.5857864417795234,0.70710677,0.1499626636505127,7,6
PIC16F84-T200,PIC16F84,top.inst_movwf,56,0.5857864417795234,0.70710677,0.13260555267333984,7,6
PIC16F84-T200,PIC16F84,top.inst_reg,57,0.4366960745336403,1.2899221,0.1715552806854248,23,30
PIC16F84-T200,PIC16F84,top.inst_ret,58,0.5857864417795234,0.70710677,0.16553187370300293,4,3
PIC16F84-T200,PIC16F84,top.inst_retfie,59,0.5857864417795234,0.70710677,0.13092970848083496,4,3
PIC16F84-T200,PIC16F84,top.inst_retlw,60,0.5857864417795234,0.70710677,0.15641331672668457,7,6
PIC16F84-T200,PIC16F84,top.inst_rlf,61,0.5857864417795234,0.70710677,0.14241290092468262,7,6
PIC16F84-T200,PIC16F84,top.inst_rrf,62,0.5857864417795234,0.70710677,0.14494085311889648,7,6
PIC16F84-T200,PIC16F84,top.inst_sleep,63,0.5857864417795234,0.70710677,0.13704156875610352,4,3
PIC16F84-T200,PIC16F84,top.inst_sublw,64,0.5857864417795234,0.70710677,0.12228536605834961,7,6
PIC16F84-T200,PIC16F84,top.inst_subwf,65,0.5857864417795234,0.70710677,0.16117525100708008,7,6
PIC16F84-T200,PIC16F84,top.inst_swapf,66,0.5857864417795234,0.70710677,0.14733481407165527,7,6
PIC16F84-T200,PIC16F84,top.inst_xorlw,67,0.5857864417795234,0.70710677,0.1661090850830078,7,6
PIC16F84-T200,PIC16F84,top.inst_xorwf,68,0.5857864417795234,0.70710677,0.1432340145111084,7,6
PIC16F84-T200,PIC16F84,top.int_node,69,0.5857864417795234,0.70710677,0.21360993385314941,38,44
PIC16F84-T200,PIC16F84,top.intclr0,70,0.5857864417795234,0.70710677,0.14604544639587402,5,4
PIC16F84-T200,PIC16F84,top.intclr1,71,0.5857864417795234,0.70710677,0.12582778930664062,5,4
PIC16F84-T200,PIC16F84,top.intclr2,72,0.5857864417795234,0.70710677,0.14367318153381348,5,4
PIC16F84-T200,PIC16F84,top.intclr3,73,0.5857864417795234,0.70710677,0.14336204528808594,5,4
PIC16F84-T200,PIC16F84,top.intclr4,74,0.5857864417795234,0.70710677,0.13203120231628418,5,4
PIC16F84-T200,PIC16F84,top.intclr_reg,75,0.5857864417795234,0.70710677,0.2507190704345703,46,56
PIC16F84-T200,PIC16F84,top.intcon_reg,76,0.5857864417795234,0.70710677,0.5087912082672119,179,252
PIC16F84-T200,PIC16F84,top.intdown_reg,77,0.5857864417795234,0.70710677,0.35732507705688477,77,135
PIC16F84-T200,PIC16F84,top.inte,78,0.5857864417795234,0.70710677,0.188795804977417,7,6
PIC16F84-T200,PIC16F84,top.intrise_reg,79,0.5857864417795234,0.70710677,0.362382173538208,69,116
PIC16F84-T200,PIC16F84,top.intstart_reg,80,0.5857864417795234,0.70710677,0.2851855754852295,31,40
PIC16F84-T200,PIC16F84,top.mask_node,81,0.5857864417795234,0.70710677,0.17049169540405273,7,6
PIC16F84-T200,PIC16F84,top.option_reg,82,0.5857864417795234,0.70710677,0.2046823501586914,30,39
PIC16F84-T200,PIC16F84,top.pc_reg,83,0.5857864417795234,0.70710677,0.3039209842681885,71,83
PIC16F84-T200,PIC16F84,top.pclath_reg,84,0.5857864417795234,0.70710677,0.1816115379333496,33,42
PIC16F84-T200,PIC16F84,top.porta_i_sync_reg,85,0.5857864417795234,0.70710677,0.15817809104919434,10,11
PIC16F84-T200,PIC16F84,top.porta_o_reg,86,0.5857864417795234,0.70710677,0.18546509742736816,32,42
PIC16F84-T200,PIC16F84,top.portb_i_sync_reg,87,0.5857864417795234,0.70710677,0.14107131958007812,10,11
PIC16F84-T200,PIC16F84,top.portb_o_reg,88,0.5857864417795234,0.70710677,0.20534586906433105,29,39
PIC16F84-T200,PIC16F84,top.ps_clk,89,0.5857864417795234,0.70710677,0.1707909107208252,12,12
PIC16F84-T200,PIC16F84,top.ps_full_reg,90,0.5857864417795234,0.70710677,0.1459038257598877,11,10
PIC16F84-T200,PIC16F84,top.pscale_reg,91,0.5857864417795234,0.70710677,0.19856572151184082,12,12
PIC16F84-T200,PIC16F84,top.ram_adr_node,92,0.5857864417795234,0.70710677,0.20055508613586426,21,22
PIC16F84-T200,PIC16F84,top.ram_adr_reg,93,0.5857864417795234,0.70710677,0.15511655807495117,21,29
PIC16F84-T200,PIC16F84,top.ram_i_node,94,0.5857864417795234,0.70710677,0.4216902256011963,131,155
PIC16F84-T200,PIC16F84,top.rateval,95,0.5857864417795234,0.70710677,0.26024317741394043,63,69
PIC16F84-T200,PIC16F84,top.rb0_int,96,0.5857864417795234,0.70710677,0.14758872985839844,14,13
PIC16F84-T200,PIC16F84,top.rb4_int,97,0.5857864417795234,0.70710677,0.12403249740600586,10,9
PIC16F84-T200,PIC16F84,top.rb5_int,98,0.5857864417795234,0.70710677,0.15632152557373047,10,9
PIC16F84-T200,PIC16F84,top.rb6_int,99,0.5857864417795234,0.70710677,0.14859557151794434,10,9
PIC16F84-T200,PIC16F84,top.rb7_int,100,0.5857864417795234,0.70710677,0.15315914154052734,10,9
PIC16F84-T200,PIC16F84,top.rbint,101,0.5857864417795234,0.70710677,0.15096235275268555,13,12
PIC16F84-T200,PIC16F84,top.rbpu_o,102,0.5857864417795234,0.70710677,0.13953828811645508,5,4
PIC16F84-T200,PIC16F84,top.rd_eep_req_o,103,0.5857864417795234,0.70710677,0.1382615566253662,5,4
PIC16F84-T200,PIC16F84,top.readram_o,104,0.5857864417795234,0.70710677,0.14078760147094727,7,6
PIC16F84-T200,PIC16F84,top.reset_cond,105,0.5857864417795234,0.70710677,0.1545426845550537,11,10
PIC16F84-T200,PIC16F84,top.sleepflag_reg,106,0.5857864417795234,0.70710677,0.23684930801391602,48,65
PIC16F84-T200,PIC16F84,top.stack_pnt_reg,107,0.5857864417795234,0.70710677,0.2075350284576416,44,59
PIC16F84-T200,PIC16F84,top.startclk_o,108,0.5857864417795234,0.70710677,0.1366102695465088,12,11
PIC16F84-T200,PIC16F84,top.state_reg,109,0.5857864417795234,0.70710677,0.19925284385681152,44,53
PIC16F84-T200,PIC16F84,top.status_reg,110,0.5857864417795234,0.70710677,0.5973196029663086,236,340
PIC16F84-T200,PIC16F84,top.temp,111,0.5857864417795234,0.70710677,0.13559436798095703,13,12
PIC16F84-T200,PIC16F84,top.tmr0_reg,112,0.5857864417795234,0.70710677,0.21741533279418945,38,48
PIC16F84-T200,PIC16F84,top.trisa_reg,113,0.5857864417795234,0.70710677,0.17173027992248535,33,42
PIC16F84-T200,PIC16F84,top.trisb_reg,114,0.5857864417795234,0.70710677,0.278444766998291,30,39
PIC16F84-T200,PIC16F84,top.Trojan_Trigger_Out,115,0.3454808039564487,1.8945168,0.23582124710083008,7,6
PIC16F84-T200,PIC16F84,top.w_reg,116,0.5857864417795234,0.70710677,0.22259879112243652,27,36
PIC16F84-T200,PIC16F84,top.wdt_clr_ack,117,0.5857864417795234,0.70710677,0.1671135425567627,5,4
PIC16F84-T200,PIC16F84,top.wdt_clr_reg,118,0.5857864417795234,0.70710677,0.4555633068084717,31,33
PIC16F84-T200,PIC16F84,top.wdt_clr_req_reg,119,0.5857864417795234,0.70710677,0.30203962326049805,13,14
PIC16F84-T200,PIC16F84,top.wdt_clr_reqhold_reg,120,0.5857864417795234,0.70710677,0.3204820156097412,30,34
PIC16F84-T200,PIC16F84,top.wdt_full_clr_reg,121,0.5857864417795234,0.70710677,0.17212629318237305,14,13
PIC16F84-T200,PIC16F84,top.wdt_full_node,122,0.5857864417795234,0.70710677,0.16173601150512695,13,14
PIC16F84-T200,PIC16F84,top.wdt_full_reg,123,0.5857864417795234,0.70710677,0.17188525199890137,19,20
PIC16F84-T200,PIC16F84,top.wdt_full_sync_reg,124,0.5857864417795234,0.70710677,0.16564035415649414,14,13
PIC16F84-T200,PIC16F84,top.wdt_fullclr_req_reg,125,0.5857864417795234,0.70710677,0.1299130916595459,16,17
PIC16F84-T200,PIC16F84,top.wdt_init,126,0.5857864417795234,0.70710677,0.13967037200927734,6,5
PIC16F84-T200,PIC16F84,top.wdt_reg,127,0.5857864417795234,0.70710677,0.17249250411987305,21,22
PIC16F84-T200,PIC16F84,top.wdt_rst_node,128,0.5857864417795234,0.70710677,0.1418168544769287,10,10
PIC16F84-T200,PIC16F84,top.wr_eep_req_o,129,0.5857864417795234,0.70710677,0.16443562507629395,5,4
PIC16F84-T200,PIC16F84,top.writeram_node,130,0.5857864417795234,0.70710677,0.3022127151489258,63,62
PIC16F84-T200,PIC16F84,top.writeram_reg,131,0.5857864417795234,0.70710677,0.19511723518371582,32,37
PIC16F84-T200,PIC16F84,top.writew_node,132,0.5857864417795234,0.70710677,0.24043798446655273,64,63
PIC16F84-T300,PIC16F84,top.add_node,0,0.5857864417795234,0.70710677,0.1806809902191162,13,12
PIC16F84-T300,PIC16F84,top.addlow_node,1,0.5857864417795234,0.70710677,0.15724396705627441,19,18
PIC16F84-T300,PIC16F84,top.addr_eecon1,2,0.5857864417795234,0.70710677,0.1571958065032959,7,6
PIC16F84-T300,PIC16F84,top.addr_eecon2,3,0.5857864417795234,0.70710677,0.13925838470458984,7,6
PIC16F84-T300,PIC16F84,top.addr_eep_adr,4,0.5857864417795234,0.70710677,0.1522963047027588,7,6
PIC16F84-T300,PIC16F84,top.addr_eep_dat,5,0.5857864417795234,0.70710677,0.1545872688293457,7,6
PIC16F84-T300,PIC16F84,top.addr_fsr,6,0.5857864417795234,0.70710677,0.1313462257385254,7,6
PIC16F84-T300,PIC16F84,top.addr_intcon,7,0.5857864417795234,0.70710677,0.1328902244567871,7,6
PIC16F84-T300,PIC16F84,top.addr_option,8,0.5857864417795234,0.70710677,0.15633845329284668,7,6
PIC16F84-T300,PIC16F84,top.addr_pcl,9,0.5857864417795234,0.70710677,0.14122915267944336,7,6
PIC16F84-T300,PIC16F84,top.addr_pclath,10,0.5857864417795234,0.70710677,0.14992165565490723,7,6
PIC16F84-T300,PIC16F84,top.addr_porta,11,0.5857864417795234,0.70710677,0.12790441513061523,7,6
PIC16F84-T300,PIC16F84,top.addr_portb,12,0.5857864417795234,0.70710677,0.17752337455749512,7,6
PIC16F84-T300,PIC16F84,top.addr_sram,13,0.5857864417795234,0.70710677,0.13739657402038574,7,6
PIC16F84-T300,PIC16F84,top.addr_stat,14,0.5857864417795234,0.70710677,0.13635706901550293,7,6
PIC16F84-T300,PIC16F84,top.addr_tmr0,15,0.5857864417795234,0.70710677,0.1284174919128418,7,6
PIC16F84-T300,PIC16F84,top.addr_trisa,16,0.5857864417795234,0.70710677,0.1617286205291748,7,6
PIC16F84-T300,PIC16F84,top.addr_trisb,17,0.5857864417795234,0.70710677,0.14439702033996582,7,6
PIC16F84-T300,PIC16F84,top.aluinp1_reg,18,0.5857864417795234,0.70710677,0.2954120635986328,78,82
PIC16F84-T300,PIC16F84,top.aluinp2_reg,19,0.5857864417795234,0.70710677,0.2230074405670166,45,51
PIC16F84-T300,PIC16F84,top.aluout_reg,20,0.5857864417795234,0.70710677,0.317760705947876,96,113
PIC16F84-T300,PIC16F84,top.aluout_zero_node,21,0.5857864417795234,0.70710677,0.151170015335083,7,6
PIC16F84-T300,PIC16F84,top.clk_o_reg,22,0.5857864417795234,0.70710677,0.2254471778869629,20,26
PIC16F84-T300,PIC16F84,top.Counter,23,0.29015433929852213,2.4464417,0.5707178115844727,89,109
PIC16F84-T300,PIC16F84,top.dtemp,24,0.5857864417795234,0.70710677,0.16691875457763672,19,18
PIC16F84-T300,PIC16F84,top.eecon1_reg,25,0.5857864417795234,0.70710677,0.5503494739532471,164,240
PIC16F84-T300,PIC16F84,top.eep_adr_reg,26,0.5857864417795234,0.70710677,0.21600890159606934,29,39
PIC16F84-T300,PIC16F84,top.eep_dat_reg,27,0.4443396591704174,1.2505306,0.32845282554626465,43,55
PIC16F84-T300,PIC16F84,top.exec_op_reg,28,0.5857864417795234,0.70710677,0.24371933937072754,58,67
PIC16F84-T300,PIC16F84,top.fsr_reg,29,0.5857864417795234,0.70710677,0.19318580627441406,29,39
PIC16F84-T300,PIC16F84,top.inc_pc_node,30,0.5857864417795234,0.70710677,0.1280045509338379,4,3
PIC16F84-T300,PIC16F84,top.inc_tmr_clk,31,0.5857864417795234,0.70710677,0.16468572616577148,8,7
PIC16F84-T300,PIC16F84,top.inc_tmr_hold_reg,32,0.5857864417795234,0.70710677,0.2530794143676758,36,48
PIC16F84-T300,PIC16F84,top.inc_tmr_sync_reg,33,0.5857864417795234,0.70710677,0.1323542594909668,7,6
PIC16F84-T300,PIC16F84,top.inst_addlw,34,0.5857864417795234,0.70710677,0.13806843757629395,7,6
PIC16F84-T300,PIC16F84,top.inst_addwf,35,0.5857864417795234,0.70710677,0.15690279006958008,7,6
PIC16F84-T300,PIC16F84,top.inst_andlw,36,0.5857864417795234,0.70710677,0.14543485641479492,7,6
PIC16F84-T300,PIC16F84,top.inst_andwf,37,0.5857864417795234,0.70710677,0.12160181999206543,7,6
PIC16F84-T300,PIC16F84,top.inst_bcf,38,0.5857864417795234,0.70710677,0.13935542106628418,7,6
PIC16F84-T300,PIC16F84,top.inst_bsf,39,0.5857864417795234,0.70710677,0.13829469680786133,7,6
PIC16F84-T300,PIC16F84,top.inst_btfsc,40,0.5857864417795234,0.70710677,0.1569375991821289,7,6
PIC16F84-T300,PIC16F84,top.inst_btfss,41,0.5857864417795234,0.70710677,0.15254521369934082,7,6
PIC16F84-T300,PIC16F84,top.inst_call,42,0.5857864417795234,0.70710677,0.14026927947998047,7,6
PIC16F84-T300,PIC16F84,top.inst_clrf,43,0.5857864417795234,0.70710677,0.14026236534118652,7,6
PIC16F84-T300,PIC16F84,top.inst_clrw,44,0.5857864417795234,0.70710677,0.13566136360168457,7,6
PIC16F84-T300,PIC16F84,top.inst_clrwdt,45,0.5857864417795234,0.70710677,0.1815934181213379,4,3
PIC16F84-T300,PIC16F84,top.inst_comf,46,0.5857864417795234,0.70710677,0.19384503364562988,7,6
PIC16F84-T300,PIC16F84,top.inst_decf,47,0.5857864417795234,0.70710677,0.13253116607666016,7,6
PIC16F84-T300,PIC16F84,top.inst_decfsz,48,0.5857864417795234,0.70710677,0.13666486740112305,7,6
PIC16F84-T300,PIC16F84,top.inst_goto,49,0.5857864417795234,0.70710677,0.19949102401733398,7,6
PIC16F84-T300,PIC16F84,top.inst_incf,50,0.5857864417795234,0.70710677,0.13760948181152344,7,6
PIC16F84-T300,PIC16F84,top.inst_incfsz,51,0.5857864417795234,0.70710677,0.13446784019470215,7,6
PIC16F84-T300,PIC16F84,top.inst_iorlw,52,0.5857864417795234,0.70710677,0.1191396713256836,7,6
PIC16F84-T300,PIC16F84,top.inst_iorwf,53,0.5857864417795234,0.70710677,0.14043951034545898,7,6
PIC16F84-T300,PIC16F84,top.inst_movf,54,0.5857864417795234,0.70710677,0.125962495803833,7,6
PIC16F84-T300,PIC16F84,top.inst_movlw,55,0.5857864417795234,0.70710677,0.15398192405700684,7,6
PIC16F84-T300,PIC16F84,top.inst_movwf,56,0.5857864417795234,0.70710677,0.13039827346801758,7,6
PIC16F84-T300,PIC16F84,top.inst_reg,57,0.5857864417795234,0.70710677,0.18051457405090332,19,26
PIC16F84-T300,PIC16F84,top.inst_ret,58,0.5857864417795234,0.70710677,0.12648940086364746,4,3
PIC16F84-T300,PIC16F84,top.inst_retfie,59,0.5857864417795234,0.70710677,0.13222980499267578,4,3
PIC16F84-T300,PIC16F84,top.inst_retlw,60,0.5857864417795234,0.70710677,0.16165947914123535,7,6
PIC16F84-T300,PIC16F84,top.inst_rlf,61,0.5857864417795234,0.70710677,0.1569812297821045,7,6
PIC16F84-T300,PIC16F84,top.inst_rrf,62,0.5857864417795234,0.70710677,0.1540071964263916,7,6
PIC16F84-T300,PIC16F84,top.inst_sleep,63,0.5857864417795234,0.70710677,0.1591329574584961,4,3
PIC16F84-T300,PIC16F84,top.inst_sublw,64,0.5857864417795234,0.70710677,0.19147419929504395,7,6
PIC16F84-T300,PIC16F84,top.inst_subwf,65,0.5857864417795234,0.70710677,0.15068984031677246,7,6
PIC16F84-T300,PIC16F84,top.inst_swapf,66,0.5857864417795234,0.70710677,0.17661309242248535,7,6
PIC16F84-T300,PIC16F84,top.inst_xorlw,67,0.5857864417795234,0.70710677,0.3408679962158203,7,6
PIC16F84-T300,PIC16F84,top.inst_xorwf,68,0.5857864417795234,0.70710677,0.2640879154205322,7,6
PIC16F84-T300,PIC16F84,top.int_node,69,0.5857864417795234,0.70710677,0.42461514472961426,38,44
PIC16F84-T300,PIC16F84,top.intclr0,70,0.5857864417795234,0.70710677,0.1779015064239502,5,4
PIC16F84-T300,PIC16F84,top.intclr1,71,0.5857864417795234,0.70710677,0.11308097839355469,5,4
PIC16F84-T300,PIC16F84,top.intclr2,72,0.5857864417795234,0.70710677,0.148667573928833,5,4
PIC16F84-T300,PIC16F84,top.intclr3,73,0.5857864417795234,0.70710677,0.14914679527282715,5,4
PIC16F84-T300,PIC16F84,top.intclr4,74,0.5857864417795234,0.70710677,0.13817715644836426,5,4
PIC16F84-T300,PIC16F84,top.intclr_reg,75,0.5857864417795234,0.70710677,0.26166296005249023,46,56
PIC16F84-T300,PIC16F84,top.intcon_reg,76,0.5857864417795234,0.70710677,0.4812612533569336,179,252
PIC16F84-T300,PIC16F84,top.intdown_reg,77,0.5857864417795234,0.70710677,0.35202479362487793,77,135
PIC16F84-T300,PIC16F84,top.inte,78,0.5857864417795234,0.70710677,0.16240620613098145,7,6
PIC16F84-T300,PIC16F84,top.intrise_reg,79,0.5857864417795234,0.70710677,0.38232922554016113,69,116
PIC16F84-T300,PIC16F84,top.intstart_reg,80,0.5857864417795234,0.70710677,0.3421456813812256,31,40
PIC16F84-T300,PIC16F84,top.mask_node,81,0.5857864417795234,0.70710677,0.20168471336364746,7,6
PIC16F84-T300,PIC16F84,top.option_reg,82,0.5857864417795234,0.70710677,0.19009757041931152,30,39
PIC16F84-T300,PIC16F84,top.pc_reg,83,0.5857864417795234,0.70710677,0.27333784103393555,71,83
PIC16F84-T300,PIC16F84,top.pclath_reg,84,0.5857864417795234,0.70710677,0.1766033172607422,33,42
PIC16F84-T300,PIC16F84,top.porta_i_sync_reg,85,0.5857864417795234,0.70710677,0.16116118431091309,10,11
PIC16F84-T300,PIC16F84,top.porta_o_reg,86,0.5857864417795234,0.70710677,0.18774986267089844,32,42
PIC16F84-T300,PIC16F84,top.portb_i_sync_reg,87,0.5857864417795234,0.70710677,0.147475004196167,10,11
PIC16F84-T300,PIC16F84,top.portb_o_reg,88,0.5857864417795234,0.70710677,0.20760512351989746,29,39
PIC16F84-T300,PIC16F84,top.ps_clk,89,0.5857864417795234,0.70710677,0.14349079132080078,12,12
PIC16F84-T300,PIC16F84,top.ps_full_reg,90,0.5857864417795234,0.70710677,0.14455461502075195,11,10
PIC16F84-T300,PIC16F84,top.pscale_reg,91,0.5857864417795234,0.70710677,0.22300982475280762,12,12
PIC16F84-T300,PIC16F84,top.ram_adr_node,92,0.5857864417795234,0.70710677,0.2311244010925293,21,22
PIC16F84-T300,PIC16F84,top.ram_adr_reg,93,0.5857864417795234,0.70710677,0.24180960655212402,21,29
PIC16F84-T300,PIC16F84,top.ram_i_node,94,0.5857864417795234,0.70710677,0.45497608184814453,131,155
PIC16F84-T300,PIC16F84,top.rateval,95,0.5857864417795234,0.70710677,0.5714986324310303,63,69
PIC16F84-T300,PIC16F84,top.rb0_int,96,0.5857864417795234,0.70710677,0.1881418228149414,14,13
PIC16F84-T300,PIC16F84,top.rb4_int,97,0.5857864417795234,0.70710677,0.2066631317138672,10,9
PIC16F84-T300,PIC16F84,top.rb5_int,98,0.5857864417795234,0.70710677,0.21372127532958984,10,9
PIC16F84-T300,PIC16F84,top.rb6_int,99,0.5857864417795234,0.70710677,0.18359804153442383,10,9
PIC16F84-T300,PIC16F84,top.rb7_int,100,0.5857864417795234,0.70710677,0.19386696815490723,10,9
PIC16F84-T300,PIC16F84,top.rbint,101,0.5857864417795234,0.70710677,0.1550121307373047,13,12
PIC16F84-T300,PIC16F84,top.rbpu_o,102,0.5857864417795234,0.70710677,0.15417981147766113,5,4
PIC16F84-T300,PIC16F84,top.rd_eep_req_o,103,0.5857864417795234,0.70710677,0.18793082237243652,5,4
PIC16F84-T300,PIC16F84,top.readram_o,104,0.5857864417795234,0.70710677,0.1500697135925293,7,6
PIC16F84-T300,PIC16F84,top.reset_cond,105,0.5857864417795234,0.70710677,0.16255950927734375,11,10
PIC16F84-T300,PIC16F84,top.sleepflag_reg,106,0.5857864417795234,0.70710677,0.2619597911834717,48,65
PIC16F84-T300,PIC16F84,top.stack_pnt_reg,107,0.5857864417795234,0.70710677,0.25078630447387695,44,59
PIC16F84-T300,PIC16F84,top.startclk_o,108,0.5857864417795234,0.70710677,0.16878938674926758,12,11
PIC16F84-T300,PIC16F84,top.state_reg,109,0.5857864417795234,0.70710677,0.23545169830322266,44,53
PIC16F84-T300,PIC16F84,top.status_reg,110,0.5857864417795234,0.70710677,0.6109492778778076,236,340
PIC16F84-T300,PIC16F84,top.temp,111,0.5857864417795234,0.70710677,0.15093398094177246,13,12
PIC16F84-T300,PIC16F84,top.tmr0_reg,112,0.5857864417795234,0.70710677,0.19794249534606934,38,48
PIC16F84-T300,PIC16F84,top.trisa_reg,113,0.5857864417795234,0.70710677,0.22317886352539062,33,42
PIC16F84-T300,PIC16F84,top.trisb_reg,114,0.5857864417795234,0.70710677,0.19324469566345215,30,39
PIC16F84-T300,PIC16F84,top.Trojan_Trigger_Out,115,0.3454808039564487,1.8945168,0.15265846252441406,7,6
PIC16F84-T300,PIC16F84,top.w_reg,116,0.5857864417795234,0.70710677,0.18274974822998047,27,36
PIC16F84-T300,PIC16F84,top.wdt_clr_ack,117,0.5857864417795234,0.70710677,0.12658262252807617,5,4
PIC16F84-T300,PIC16F84,top.wdt_clr_reg,118,0.5857864417795234,0.70710677,0.22177457809448242,31,33
PIC16F84-T300,PIC16F84,top.wdt_clr_req_reg,119,0.5857864417795234,0.70710677,0.16717028617858887,13,14
PIC16F84-T300,PIC16F84,top.wdt_clr_reqhold_reg,120,0.5857864417795234,0.70710677,0.18403959274291992,30,34
PIC16F84-T300,PIC16F84,top.wdt_full_clr_reg,121,0.5857864417795234,0.70710677,0.18362998962402344,14,13
PIC16F84-T300,PIC16F84,top.wdt_full_node,122,0.5857864417795234,0.70710677,0.21642589569091797,13,14
PIC16F84-T300,PIC16F84,top.wdt_full_reg,123,0.5857864417795234,0.70710677,0.2325901985168457,19,20
PIC16F84-T300,PIC16F84,top.wdt_full_sync_reg,124,0.5857864417795234,0.70710677,0.1469724178314209,14,13
PIC16F84-T300,PIC16F84,top.wdt_fullclr_req_reg,125,0.5857864417795234,0.70710677,0.16991233825683594,16,17
PIC16F84-T300,PIC16F84,top.wdt_init,126,0.5857864417795234,0.70710677,0.13826751708984375,6,5
PIC16F84-T300,PIC16F84,top.wdt_reg,127,0.5857864417795234,0.70710677,0.2324070930480957,21,22
PIC16F84-T300,PIC16F84,top.wdt_rst_node,128,0.5857864417795234,0.70710677,0.17581844329833984,10,10
PIC16F84-T300,PIC16F84,top.wr_eep_req_o,129,0.5857864417795234,0.70710677,0.1659688949584961,5,4
PIC16F84-T300,PIC16F84,top.writeram_node,130,0.5857864417795234,0.70710677,0.2995896339416504,63,62
PIC16F84-T300,PIC16F84,top.writeram_reg,131,0.5857864417795234,0.70710677,0.2431793212890625,32,37
PIC16F84-T300,PIC16F84,top.writew_node,132,0.5857864417795234,0.70710677,0.27442336082458496,64,63
PIC16F84-T400,PIC16F84,top.add_node,0,0.5857864417795234,0.70710677,0.18683576583862305,13,12
PIC16F84-T400,PIC16F84,top.addlow_node,1,0.5857864417795234,0.70710677,0.1927199363708496,19,18
PIC16F84-T400,PIC16F84,top.addr_eecon1,2,0.5857864417795234,0.70710677,0.1465134620666504,7,6
PIC16F84-T400,PIC16F84,top.addr_eecon2,3,0.5857864417795234,0.70710677,0.1613931655883789,7,6
PIC16F84-T400,PIC16F84,top.addr_eep_adr,4,0.5857864417795234,0.70710677,0.17926931381225586,7,6
PIC16F84-T400,PIC16F84,top.addr_eep_dat,5,0.5857864417795234,0.70710677,0.16071605682373047,7,6
PIC16F84-T400,PIC16F84,top.addr_fsr,6,0.5857864417795234,0.70710677,0.14543795585632324,7,6
PIC16F84-T400,PIC16F84,top.addr_intcon,7,0.5857864417795234,0.70710677,0.1534593105316162,7,6
PIC16F84-T400,PIC16F84,top.addr_option,8,0.5857864417795234,0.70710677,0.14383387565612793,7,6
PIC16F84-T400,PIC16F84,top.addr_pcl,9,0.5857864417795234,0.70710677,0.15136504173278809,7,6
PIC16F84-T400,PIC16F84,top.addr_pclath,10,0.5857864417795234,0.70710677,0.1605367660522461,7,6
PIC16F84-T400,PIC16F84,top.addr_porta,11,0.5857864417795234,0.70710677,0.18630146980285645,7,6
PIC16F84-T400,PIC16F84,top.addr_portb,12,0.5857864417795234,0.70710677,0.14073920249938965,7,6
PIC16F84-T400,PIC16F84,top.addr_sram,13,0.5857864417795234,0.70710677,0.15498089790344238,7,6
PIC16F84-T400,PIC16F84,top.addr_stat,14,0.5857864417795234,0.70710677,0.16350698471069336,7,6
PIC16F84-T400,PIC16F84,top.addr_tmr0,15,0.5857864417795234,0.70710677,0.13852381706237793,7,6
PIC16F84-T400,PIC16F84,top.addr_trisa,16,0.5857864417795234,0.70710677,0.1615161895751953,7,6
PIC16F84-T400,PIC16F84,top.addr_trisb,17,0.5857864417795234,0.70710677,0.14472460746765137,7,6
PIC16F84-T400,PIC16F84,top.aluinp1_reg,18,0.5857864417795234,0.70710677,0.45599985122680664,78,82
PIC16F84-T400,PIC16F84,top.aluinp2_reg,19,0.5857864417795234,0.70710677,0.3705625534057617,45,51
PIC16F84-T400,PIC16F84,top.aluout_reg,20,0.5857864417795234,0.70710677,0.45535945892333984,96,113
PIC16F84-T400,PIC16F84,top.aluout_zero_node,21,0.5857864417795234,0.70710677,0.17203855514526367,7,6
PIC16F84-T400,PIC16F84,top.clk_o_reg,22,0.5857864417795234,0.70710677,0.18475341796875,20,26
PIC16F84-T400,PIC16F84,top.Counter,23,0.29015433929852213,2.4464417,0.42922425270080566,89,109
PIC16F84-T400,PIC16F84,top.dtemp,24,0.5857864417795234,0.70710677,0.2107548713684082,19,18
PIC16F84-T400,PIC16F84,top.eecon1_reg,25,0.5857864417795234,0.70710677,0.5510787963867188,164,240
PIC16F84-T400,PIC16F84,top.eep_adr_reg,26,0.44292088637737886,1.2577395,0.20902037620544434,33,43
PIC16F84-T400,PIC16F84,top.eep_dat_reg,27,0.5857864417795234,0.70710677,0.24262166023254395,39,51
PIC16F84-T400,PIC16F84,top.exec_op_reg,28,0.5857864417795234,0.70710677,0.29460835456848145,58,67
PIC16F84-T400,PIC16F84,top.fsr_reg,29,0.5857864417795234,0.70710677,0.18877530097961426,29,39
PIC16F84-T400,PIC16F84,top.inc_pc_node,30,0.5857864417795234,0.70710677,0.24875807762145996,4,3
PIC16F84-T400,PIC16F84,top.inc_tmr_clk,31,0.5857864417795234,0.70710677,0.40223145484924316,8,7
PIC16F84-T400,PIC16F84,top.inc_tmr_hold_reg,32,0.5857864417795234,0.70710677,0.22400808334350586,36,48
PIC16F84-T400,PIC16F84,top.inc_tmr_sync_reg,33,0.5857864417795234,0.70710677,0.13590407371520996,7,6
PIC16F84-T400,PIC16F84,top.inst_addlw,34,0.5857864417795234,0.70710677,0.16023468971252441,7,6
PIC16F84-T400,PIC16F84,top.inst_addwf,35,0.5857864417795234,0.70710677,0.1365654468536377,7,6
PIC16F84-T400,PIC16F84,top.inst_andlw,36,0.5857864417795234,0.70710677,0.148634672164917,7,6
PIC16F84-T400,PIC16F84,top.inst_andwf,37,0.5857864417795234,0.70710677,0.1540391445159912,7,6
PIC16F84-T400,PIC16F84,top.inst_bcf,38,0.5857864417795234,0.70710677,0.13247323036193848,7,6
PIC16F84-T400,PIC16F84,top.inst_bsf,39,0.5857864417795234,0.70710677,0.14253878593444824,7,6
PIC16F84-T400,PIC16F84,top.inst_btfsc,40,0.5857864417795234,0.70710677,0.12385416030883789,7,6
PIC16F84-T400,PIC16F84,top.inst_btfss,41,0.5857864417795234,0.70710677,0.17562031745910645,7,6
PIC16F84-T400,PIC16F84,top.inst_call,42,0.5857864417795234,0.70710677,0.15495681762695312,7,6
PIC16F84-T400,PIC16F84,top.inst_clrf,43,0.5857864417795234,0.70710677,0.17057538032531738,7,6
PIC16F84-T400,PIC16F84,top.inst_clrw,44,0.5857864417795234,0.70710677,0.17432022094726562,7,6
PIC16F84-T400,PIC16F84,top.inst_clrwdt,45,0.5857864417795234,0.70710677,0.19297051429748535,4,3
PIC16F84-T400,PIC16F84,top.inst_comf,46,0.5857864417795234,0.70710677,0.1619269847869873,7,6
PIC16F84-T400,PIC16F84,top.inst_decf,47,0.5857864417795234,0.70710677,0.1634199619293213,7,6
PIC16F84-T400,PIC16F84,top.inst_decfsz,48,0.5857864417795234,0.70710677,0.18737578392028809,7,6
PIC16F84-T400,PIC16F84,top.inst_goto,49,0.5857864417795234,0.70710677,0.18184924125671387,7,6
PIC16F84-T400,PIC16F84,top.inst_incf,50,0.5857864417795234,0.70710677,0.40430164337158203,7,6
PIC16F84-T400,PIC16F84,top.inst_incfsz,51,0.5857864417795234,0.70710677,0.177903413772583,7,6
PIC16F84-T400,PIC16F84,top.inst_iorlw,52,0.5857864417795234,0.70710677,0.16053390502929688,7,6
PIC16F84-T400,PIC16F84,top.inst_iorwf,53,0.5857864417795234,0.70710677,0.16626596450805664,7,6
PIC16F84-T400,PIC16F84,top.inst_movf,54,0.5857864417795234,0.70710677,0.176131010055542,7,6
PIC16F84-T400,PIC16F84,top.inst_movlw,55,0.5857864417795234,0.70710677,0.15288853645324707,7,6
PIC16F84-T400,PIC16F84,top.inst_movwf,56,0.5857864417795234,0.70710677,0.13458633422851562,7,6
PIC16F84-T400,PIC16F84,top.inst_reg,57,0.5857864417795234,0.70710677,0.1701972484588623,19,26
PIC16F84-T400,PIC16F84,top.inst_ret,58,0.5857864417795234,0.70710677,0.14124178886413574,4,3
PIC16F84-T400,PIC16F84,top.inst_retfie,59,0.5857864417795234,0.70710677,0.13416314125061035,4,3
PIC16F84-T400,PIC16F84,top.inst_retlw,60,0.5857864417795234,0.70710677,0.13183355331420898,7,6
PIC16F84-T400,PIC16F84,top.inst_rlf,61,0.5857864417795234,0.70710677,0.167633056640625,7,6
PIC16F84-T400,PIC16F84,top.inst_rrf,62,0.5857864417795234,0.70710677,0.15001940727233887,7,6
PIC16F84-T400,PIC16F84,top.inst_sleep,63,0.5857864417795234,0.70710677,0.14142394065856934,4,3
PIC16F84-T400,PIC16F84,top.inst_sublw,64,0.5857864417795234,0.70710677,0.1483776569366455,7,6
PIC16F84-T400,PIC16F84,top.inst_subwf,65,0.5857864417795234,0.70710677,0.15969610214233398,7,6
PIC16F84-T400,PIC16F84,top.inst_swapf,66,0.5857864417795234,0.70710677,0.16081595420837402,7,6
PIC16F84-T400,PIC16F84,top.inst_xorlw,67,0.5857864417795234,0.70710677,0.1904613971710205,7,6
PIC16F84-T400,PIC16F84,top.inst_xorwf,68,0.5857864417795234,0.70710677,0.20172500610351562,7,6
PIC16F84-T400,PIC16F84,top.int_node,69,0.5857864417795234,0.70710677,0.3102529048919678,38,44
PIC16F84-T400,PIC16F84,top.intclr0,70,0.5857864417795234,0.70710677,0.2420823574066162,5,4
PIC16F84-T400,PIC16F84,top.intclr1,71,0.5857864417795234,0.70710677,0.18965864181518555,5,4
PIC16F84-T400,PIC16F84,top.intclr2,72,0.5857864417795234,0.70710677,0.1427905559539795,5,4
PIC16F84-T400,PIC16F84,top.intclr3,73,0.5857864417795234,0.70710677,0.15427350997924805,5,4
PIC16F84-T400,PIC16F84,top.intclr4,74,0.5857864417795234,0.70710677,0.18825602531433105,5,4
PIC16F84-T400,PIC16F84,top.intclr_reg,75,0.5857864417795234,0.70710677,0.3141474723815918,46,56
PIC16F84-T400,PIC16F84,top.intcon_reg,76,0.5857864417795234,0.70710677,0.6194314956665039,179,252
PIC16F84-T400,PIC16F84,top.intdown_reg,77,0.5857864417795234,0.70710677,0.3229796886444092,77,135
PIC16F84-T400,PIC16F84,top.inte,78,0.5857864417795234,0.70710677,0.15711283683776855,7,6
PIC16F84-T400,PIC16F84,top.intrise_reg,79,0.5857864417795234,0.70710677,0.2745382785797119,69,116
PIC16F84-T400,PIC16F84,top.intstart_reg,80,0.5857864417795234,0.70710677,0.23896574974060059,31,40
PIC16F84-T400,PIC16F84,top.mask_node,81,0.5857864417795234,0.70710677,0.1572258472442627,7,6
PIC16F84-T400,PIC16F84,top.option_reg,82,0.5857864417795234,0.70710677,0.24278759956359863,30,39
PIC16F84-T400,PIC16F84,top.pc_reg,83,0.5857864417795234,0.70710677,0.33679628372192383,71,83
PIC16F84-T400,PIC16F84,top.pclath_reg,84,0.5857864417795234,0.70710677,0.2596423625946045,33,42
PIC16F84-T400,PIC16F84,top.porta_i_sync_reg,85,0.5857864417795234,0.70710677,0.19028234481811523,10,11
PIC16F84-T400,PIC16F84,top.porta_o_reg,86,0.5857864417795234,0.70710677,0.5032355785369873,32,42
PIC16F84-T400,PIC16F84,top.portb_i_sync_reg,87,0.5857864417795234,0.70710677,0.29285597801208496,10,11
PIC16F84-T400,PIC16F84,top.portb_o_reg,88,0.5857864417795234,0.70710677,0.3419303894042969,29,39
PIC16F84-T400,PIC16F84,top.ps_clk,89,0.5857864417795234,0.70710677,0.23095059394836426,12,12
PIC16F84-T400,PIC16F84,top.ps_full_reg,90,0.5857864417795234,0.70710677,0.19164419174194336,11,10
PIC16F84-T400,PIC16F84,top.pscale_reg,91,0.5857864417795234,0.70710677,0.18878936767578125,12,12
PIC16F84-T400,PIC16F84,top.ram_adr_node,92,0.5857864417795234,0.70710677,0.2257556915283203,21,22
PIC16F84-T400,PIC16F84,top.ram_adr_reg,93,0.5857864417795234,0.70710677,0.20278620719909668,21,29
PIC16F84-T400,PIC16F84,top.ram_i_node,94,0.5857864417795234,0.70710677,0.49823617935180664,131,155
PIC16F84-T400,PIC16F84,top.rateval,95,0.5857864417795234,0.70710677,0.28174734115600586,63,69
PIC16F84-T400,PIC16F84,top.rb0_int,96,0.5857864417795234,0.70710677,0.19415998458862305,14,13
PIC16F84-T400,PIC16F84,top.rb4_int,97,0.5857864417795234,0.70710677,0.1546192169189453,10,9
PIC16F84-T400,PIC16F84,top.rb5_int,98,0.5857864417795234,0.70710677,0.1945326328277588,10,9
PIC16F84-T400,PIC16F84,top.rb6_int,99,0.5857864417795234,0.70710677,0.1763143539428711,10,9
PIC16F84-T400,PIC16F84,top.rb7_int,100,0.5857864417795234,0.70710677,0.2719733715057373,10,9
PIC16F84-T400,PIC16F84,top.rbint,101,0.5857864417795234,0.70710677,0.2147681713104248,13,12
PIC16F84-T400,PIC16F84,top.rbpu_o,102,0.5857864417795234,0.70710677,0.18668651580810547,5,4
PIC16F84-T400,PIC16F84,top.rd_eep_req_o,103,0.5857864417795234,0.70710677,0.16707372665405273,5,4
PIC16F84-T400,PIC16F84,top.readram_o,104,0.5857864417795234,0.70710677,0.18968510627746582,7,6
PIC16F84-T400,PIC16F84,top.reset_cond,105,0.5857864417795234,0.70710677,0.16986465454101562,11,10
PIC16F84-T400,PIC16F84,top.sleepflag_reg,106,0.5857864417795234,0.70710677,0.32584333419799805,48,65
PIC16F84-T400,PIC16F84,top.stack_pnt_reg,107,0.5857864417795234,0.70710677,0.2822556495666504,44,59
PIC16F84-T400,PIC16F84,top.startclk_o,108,0.5857864417795234,0.70710677,0.1772632598876953,12,11
PIC16F84-T400,PIC16F84,top.state_reg,109,0.5857864417795234,0.70710677,0.22853469848632812,44,53
PIC16F84-T400,PIC16F84,top.status_reg,110,0.5857864417795234,0.70710677,0.6707086563110352,236,340
PIC16F84-T400,PIC16F84,top.temp,111,0.5857864417795234,0.70710677,0.1511380672454834,13,12
PIC16F84-T400,PIC16F84,top.tmr0_reg,112,0.5857864417795234,0.70710677,0.2504096031188965,38,48
PIC16F84-T400,PIC16F84,top.trisa_reg,113,0.5857864417795234,0.70710677,0.20769166946411133,33,42
PIC16F84-T400,PIC16F84,top.trisb_reg,114,0.5857864417795234,0.70710677,0.22140073776245117,30,39
PIC16F84-T400,PIC16F84,top.Trojan_Trigger_Out,115,0.3454808039564487,1.8945168,0.20132684707641602,7,6
PIC16F84-T400,PIC16F84,top.w_reg,116,0.5857864417795234,0.70710677,0.21703863143920898,27,36
PIC16F84-T400,PIC16F84,top.wdt_clr_ack,117,0.5857864417795234,0.70710677,0.14088892936706543,5,4
PIC16F84-T400,PIC16F84,top.wdt_clr_reg,118,0.5857864417795234,0.70710677,0.1753532886505127,31,33
PIC16F84-T400,PIC16F84,top.wdt_clr_req_reg,119,0.5857864417795234,0.70710677,0.15371203422546387,13,14
PIC16F84-T400,PIC16F84,top.wdt_clr_reqhold_reg,120,0.5857864417795234,0.70710677,0.2012629508972168,30,34
PIC16F84-T400,PIC16F84,top.wdt_full_clr_reg,121,0.5857864417795234,0.70710677,0.15520763397216797,14,13
PIC16F84-T400,PIC16F84,top.wdt_full_node,122,0.5857864417795234,0.70710677,0.16028046607971191,13,14
PIC16F84-T400,PIC16F84,top.wdt_full_reg,123,0.5857864417795234,0.70710677,0.16916775703430176,19,20
PIC16F84-T400,PIC16F84,top.wdt_full_sync_reg,124,0.5857864417795234,0.70710677,0.12164688110351562,14,13
PIC16F84-T400,PIC16F84,top.wdt_fullclr_req_reg,125,0.5857864417795234,0.70710677,0.16985344886779785,16,17
PIC16F84-T400,PIC16F84,top.wdt_init,126,0.5857864417795234,0.70710677,0.14116573333740234,6,5
PIC16F84-T400,PIC16F84,top.wdt_reg,127,0.5857864417795234,0.70710677,0.15893220901489258,21,22
PIC16F84-T400,PIC16F84,top.wdt_rst_node,128,0.5857864417795234,0.70710677,0.15483665466308594,10,10
PIC16F84-T400,PIC16F84,top.wr_eep_req_o,129,0.5857864417795234,0.70710677,0.15785646438598633,5,4
PIC16F84-T400,PIC16F84,top.writeram_node,130,0.5857864417795234,0.70710677,0.24336838722229004,63,62
PIC16F84-T400,PIC16F84,top.writeram_reg,131,0.5857864417795234,0.70710677,0.18935465812683105,32,37
PIC16F84-T400,PIC16F84,top.writew_node,132,0.5857864417795234,0.70710677,0.23490118980407715,64,63
RS232-T100,RS232,top.iRECEIVER.bitCell_cntrH,0,0.5857864417795234,0.70710677,0.015021800994873047,11,10
RS232-T100,RS232,top.iRECEIVER.cntr_resetH,1,0.5857864417795234,0.70710677,0.060543060302734375,22,26
RS232-T100,RS232,top.iRECEIVER.countH,2,0.5857864417795234,0.70710677,0.060599565505981445,22,26
RS232-T100,RS232,top.iRECEIVER.ena,3,0.2816811019447146,2.550114,0.038918256759643555,6,5
RS232-T100,RS232,top.iRECEIVER.next_state,4,0.5857864417795234,0.70710677,0.041736602783203125,32,39
RS232-T100,RS232,top.iRECEIVER.par_dataH,5,0.5857864417795234,0.70710677,0.03511762619018555,13,13
RS232-T100,RS232,top.iRECEIVER.rec_data_cntrH_1,6,0.27975887786535303,2.5745068,0.04228663444519043,33,39
RS232-T100,RS232,top.iRECEIVER.rec_data_cntrH_2,7,0.2853759766904052,2.5041492,0.048262834548950195,37,42
RS232-T100,RS232,top.iRECEIVER.rec_data_cntrH_3,8,0.3027506592325618,2.3030481,0.03084707260131836,14,15
RS232-T100,RS232,top.iRECEIVER.rec_dataH,9,0.3017194677029986,2.314337,0.035327911376953125,5,4
RS232-T100,RS232,top.iRECEIVER.rec_datH,10,0.5857864417795234,0.70710677,0.02821826934814453,6,5
RS232-T100,RS232,top.iRECEIVER.rec_datSyncH,11,0.5857864417795234,0.70710677,0.032663583755493164,6,5
RS232-T100,RS232,top.iRECEIVER.rec_readyH,12,0.3519405694839884,1.8413888,0.042467594146728516,5,4
RS232-T100,RS232,top.iRECEIVER.rec_readyH_temp,13,0.5676700167913391,0.7615868,0.020933151245117188,6,5
RS232-T100,RS232,top.iRECEIVER.rec_readyInH,14,0.5857864417795234,0.70710677,0.029818296432495117,26,30
RS232-T100,RS232,top.iRECEIVER.recd_bitCntrH,15,0.5857864417795234,0.70710677,0.044344425201416016,13,13
RS232-T100,RS232,top.iRECEIVER.rstCountH,16,0.5857864417795234,0.70710677,0.04389023780822754,11,10
RS232-T100,RS232,top.iRECEIVER.shiftH,17,0.5857864417795234,0.70710677,0.04904460906982422,22,26
RS232-T100,RS232,top.iRECEIVER.state,18,0.5857864417795234,0.70710677,0.040200233459472656,6,5
RS232-T100,RS232,top.iXMIT.bitCell_cntrH,19,0.5857864417795234,0.70710677,0.026450395584106445,18,18
RS232-T100,RS232,top.iXMIT.bitCountH,20,0.5857864417795234,0.70710677,0.06163167953491211,20,21
RS232-T100,RS232,top.iXMIT.countEnaH,21,0.5857864417795234,0.70710677,0.049230098724365234,32,41
RS232-T100,RS232,top.iXMIT.ena_bitCountH,22,0.5857864417795234,0.70710677,0.04416847229003906,28,35
RS232-T100,RS232,top.iXMIT.load_shiftRegH,23,0.5857864417795234,0.70710677,0.04565548896789551,22,28
RS232-T100,RS232,top.iXMIT.next_state,24,0.5857864417795234,0.70710677,0.04146933555603027,44,49
RS232-T100,RS232,top.iXMIT.rst_bitCountH,25,0.5857864417795234,0.70710677,0.038309335708618164,22,28
RS232-T100,RS232,top.iXMIT.shiftEnaH,26,0.5857864417795234,0.70710677,0.029388904571533203,19,25
RS232-T100,RS232,top.iXMIT.state,27,0.5857864417795234,0.70710677,0.01553797721862793,6,5
RS232-T100,RS232,top.iXMIT.uart_xmitH,28,0.5857864417795234,0.70710677,0.049112558364868164,18,19
RS232-T100,RS232,top.iXMIT.xmit_doneH,29,0.5857864417795234,0.70710677,0.03377532958984375,6,5
RS232-T100,RS232,top.iXMIT.xmit_doneInH,30,0.5857864417795234,0.70710677,0.029494285583496094,27,34
RS232-T100,RS232,top.iXMIT.xmit_ShiftRegH,31,0.5857864417795234,0.70710677,0.07462215423583984,105,146
RS232-T100,RS232,top.iXMIT.xmitDataSelH,32,0.5857864417795234,0.70710677,0.03590559959411621,22,26
RS232-T100,RS232,top.rec_dataH,33,0.5857864417795234,0.70710677,0.02548837661743164,6,5
RS232-T100,RS232,top.rec_dataH_temp,34,0.5857864417795234,0.70710677,0.03170347213745117,6,5
RS232-T200,RS232,top.iRECEIVER.bitCell_cntrH,0,0.5857864417795234,0.70710677,0.027754545211791992,11,10
RS232-T200,RS232,top.iRECEIVER.clk_l,1,0.26976447550691657,2.7069373,0.05074954032897949,3,2
RS232-T200,RS232,top.iRECEIVER.cntr_resetH,2,0.5388955209162616,0.85564727,0.04614710807800293,28,35
RS232-T200,RS232,top.iRECEIVER.count_l,3,0.38090242448525596,1.6253443,0.029870986938476562,11,10
RS232-T200,RS232,top.iRECEIVER.countH,4,0.5055227430178075,0.97815037,0.053140878677368164,19,25
RS232-T200,RS232,top.iRECEIVER.ena,5,0.27897054426906404,2.5846078,0.03860735893249512,4,3
RS232-T200,RS232,top.iRECEIVER.next_state,6,0.35810361592695966,1.7924879,0.05442047119140625,44,49
RS232-T200,RS232,top.iRECEIVER.par_dataH,7,0.5857864417795234,0.70710677,0.03349709510803223,13,13
RS232-T200,RS232,top.iRECEIVER.rec_data_cntrH_1,8,0.27975887786535303,2.5745068,0.04429888725280762,33,39
RS232-T200,RS232,top.iRECEIVER.rec_data_cntrH_2,9,0.2864486290868387,2.4910274,0.03610062599182129,34,39
RS232-T200,RS232,top.iRECEIVER.rec_datH,10,0.5857864417795234,0.70710677,0.03617048263549805,6,5
RS232-T200,RS232,top.iRECEIVER.rec_datSyncH,11,0.5857864417795234,0.70710677,0.038721561431884766,6,5
RS232-T200,RS232,top.iRECEIVER.rec_readyH,12,0.5857864417795234,0.70710677,0.039365530014038086,6,5
RS232-T200,RS232,top.iRECEIVER.rec_readyInH,13,0.5831756562805475,0.7147492,0.04689383506774902,24,30
RS232-T200,RS232,top.iRECEIVER.recd_bitCntrH,14,0.5857864417795234,0.70710677,0.04446744918823242,13,13
RS232-T200,RS232,top.iRECEIVER.rstCountH,15,0.5269577159960939,0.89768547,0.048889875411987305,23,29
RS232-T200,RS232,top.iRECEIVER.shiftH,16,0.5055227430178075,0.97815037,0.031038761138916016,19,25
RS232-T200,RS232,top.iRECEIVER.state,17,0.5857864417795234,0.70710677,0.02795124053955078,6,5
RS232-T200,RS232,top.iXMIT.bitCell_cntrH,18,0.5857864417795234,0.70710677,0.0321042537689209,18,18
RS232-T200,RS232,top.iXMIT.bitCountH,19,0.5857864417795234,0.70710677,0.030743837356567383,20,21
RS232-T200,RS232,top.iXMIT.countEnaH,20,0.5857864417795234,0.70710677,0.049384355545043945,32,41
RS232-T200,RS232,top.iXMIT.ena_bitCountH,21,0.5857864417795234,0.70710677,0.027669191360473633,28,35
RS232-T200,RS232,top.iXMIT.load_shiftRegH,22,0.5857864417795234,0.70710677,0.03737902641296387,22,28
RS232-T200,RS232,top.iXMIT.next_state,23,0.5857864417795234,0.70710677,0.056511640548706055,44,49
RS232-T200,RS232,top.iXMIT.rst_bitCountH,24,0.5857864417795234,0.70710677,0.04432821273803711,22,28
RS232-T200,RS232,top.iXMIT.shiftEnaH,25,0.5857864417795234,0.70710677,0.03075122833251953,19,25
RS232-T200,RS232,top.iXMIT.state,26,0.5857864417795234,0.70710677,0.03164339065551758,6,5
RS232-T200,RS232,top.iXMIT.uart_xmitH,27,0.5857864417795234,0.70710677,0.031085729598999023,18,19
RS232-T200,RS232,top.iXMIT.xmit_doneH,28,0.5857864417795234,0.70710677,0.0181276798248291,6,5
RS232-T200,RS232,top.iXMIT.xmit_doneInH,29,0.5857864417795234,0.70710677,0.04695630073547363,27,34
RS232-T200,RS232,top.iXMIT.xmit_ShiftRegH,30,0.5857864417795234,0.70710677,0.0762779712677002,105,146
RS232-T200,RS232,top.iXMIT.xmitDataSelH,31,0.5857864417795234,0.70710677,0.04552865028381348,22,26
RS232-T200,RS232,top.rec_dataH,32,0.5857864417795234,0.70710677,0.017415761947631836,6,5
RS232-T200,RS232,top.rec_dataH_temp,33,0.5857864417795234,0.70710677,0.02945995330810547,6,5
RS232-T2100,RS232,top.iRECEIVER.bitCell_cntrH,0,0.5857864417795234,0.70710677,0.037459611892700195,11,10
RS232-T2100,RS232,top.iRECEIVER.cntr_resetH,1,0.5388955209162616,0.85564727,0.060318708419799805,28,35
RS232-T2100,RS232,top.iRECEIVER.countH,2,0.5055227430178075,0.97815037,0.055861473083496094,19,25
RS232-T2100,RS232,top.iRECEIVER.ena,3,0.4247947936126999,1.3540778,0.05046796798706055,20,24
RS232-T2100,RS232,top.iRECEIVER.next_state,4,0.35810361592695966,1.7924879,0.05094575881958008,44,49
RS232-T2100,RS232,top.iRECEIVER.par_dataH,5,0.5857864417795234,0.70710677,0.03115987777709961,13,13
RS232-T2100,RS232,top.iRECEIVER.rec_dataH,6,0.3017194677029986,2.314337,0.024435997009277344,5,4
RS232-T2100,RS232,top.iRECEIVER.rec_datH,7,0.5857864417795234,0.70710677,0.029150724411010742,6,5
RS232-T2100,RS232,top.iRECEIVER.rec_datSyncH,8,0.5857864417795234,0.70710677,0.01900339126586914,6,5
RS232-T2100,RS232,top.iRECEIVER.rec_readyH,9,0.3519405694839884,1.8413888,0.028262615203857422,5,4
RS232-T2100,RS232,top.iRECEIVER.rec_readyH_temp,10,0.5676700167913391,0.7615868,0.03130793571472168,6,5
RS232-T2100,RS232,top.iRECEIVER.rec_readyInH,11,0.5831756562805475,0.7147492,0.031052112579345703,24,30
RS232-T2100,RS232,top.iRECEIVER.recd_bitCntrH,12,0.5857864417795234,0.70710677,0.03572416305541992,13,13
RS232-T2100,RS232,top.iRECEIVER.rstCountH,13,0.5269577159960939,0.89768547,0.04152202606201172,23,29
RS232-T2100,RS232,top.iRECEIVER.shiftH,14,0.5055227430178075,0.97815037,0.04037284851074219,19,25
RS232-T2100,RS232,top.iRECEIVER.state,15,0.5857864417795234,0.70710677,0.022069931030273438,6,5
RS232-T2100,RS232,top.iXMIT.bitCell_cntrH,16,0.5857864417795234,0.70710677,0.044312238693237305,18,18
RS232-T2100,RS232,top.iXMIT.bitCountH,17,0.5857864417795234,0.70710677,0.05187416076660156,20,21
RS232-T2100,RS232,top.iXMIT.countEnaH,18,0.5857864417795234,0.70710677,0.04415106773376465,32,41
RS232-T2100,RS232,top.iXMIT.ena_bitCountH,19,0.5857864417795234,0.70710677,0.02747368812561035,28,35
RS232-T2100,RS232,top.iXMIT.load_shiftRegH,20,0.5857864417795234,0.70710677,0.03175044059753418,22,28
RS232-T2100,RS232,top.iXMIT.next_state,21,0.5857864417795234,0.70710677,0.06409788131713867,44,49
RS232-T2100,RS232,top.iXMIT.rst_bitCountH,22,0.5857864417795234,0.70710677,0.028382301330566406,22,28
RS232-T2100,RS232,top.iXMIT.shiftEnaH,23,0.5857864417795234,0.70710677,0.030579328536987305,19,25
RS232-T2100,RS232,top.iXMIT.state,24,0.5857864417795234,0.70710677,0.03002452850341797,6,5
RS232-T2100,RS232,top.iXMIT.uart_xmitH,25,0.5857864417795234,0.70710677,0.031389713287353516,18,19
RS232-T2100,RS232,top.iXMIT.xmit_doneH,26,0.5857864417795234,0.70710677,0.030875205993652344,6,5
RS232-T2100,RS232,top.iXMIT.xmit_doneInH,27,0.5857864417795234,0.70710677,0.04701042175292969,27,34
RS232-T2100,RS232,top.iXMIT.xmit_ShiftRegH,28,0.5857864417795234,0.70710677,0.06396937370300293,105,146
RS232-T2100,RS232,top.iXMIT.xmitDataSelH,29,0.5857864417795234,0.70710677,0.05800199508666992,22,26
RS232-T2100,RS232,top.rec_dataH,30,0.5857864417795234,0.70710677,0.020056724548339844,6,5
RS232-T2100,RS232,top.rec_dataH_temp,31,0.5600417290308849,0.78558123,0.03898024559020996,6,5
RS232-T2200,RS232,top.iRECEIVER.bitCell_cntrH,0,0.5857864417795234,0.70710677,0.03157353401184082,11,10
RS232-T2200,RS232,top.iRECEIVER.cntr_resetH,1,0.5388955209162616,0.85564727,0.0458829402923584,28,35
RS232-T2200,RS232,top.iRECEIVER.countH,2,0.5055227430178075,0.97815037,0.03195595741271973,19,25
RS232-T2200,RS232,top.iRECEIVER.ena,3,0.46235084506295465,1.1628597,0.06530451774597168,19,25
RS232-T2200,RS232,top.iRECEIVER.next_state,4,0.35810361592695966,1.7924879,0.04022026062011719,44,49
RS232-T2200,RS232,top.iRECEIVER.par_dataH,5,0.5857864417795234,0.70710677,0.03092789649963379,13,13
RS232-T2200,RS232,top.iRECEIVER.rec_dataH,6,0.3017194677029986,2.314337,0.030936002731323242,5,4
RS232-T2200,RS232,top.iRECEIVER.rec_datH,7,0.5857864417795234,0.70710677,0.017389774322509766,6,5
RS232-T2200,RS232,top.iRECEIVER.rec_datSyncH,8,0.5857864417795234,0.70710677,0.039081573486328125,6,5
RS232-T2200,RS232,top.iRECEIVER.rec_readyH,9,0.3519405694839884,1.8413888,0.03577065467834473,5,4
RS232-T2200,RS232,top.iRECEIVER.rec_readyH_temp,10,0.5676700167913391,0.7615868,0.03014206886291504,6,5
RS232-T2200,RS232,top.iRECEIVER.rec_readyInH,11,0.5831756562805475,0.7147492,0.04668021202087402,24,30
RS232-T2200,RS232,top.iRECEIVER.recd_bitCntrH,12,0.5857864417795234,0.70710677,0.030409574508666992,13,13
RS232-T2200,RS232,top.iRECEIVER.rstCountH,13,0.5269577159960939,0.89768547,0.04648923873901367,23,29
RS232-T2200,RS232,top.iRECEIVER.shiftH,14,0.5055227430178075,0.97815037,0.04690861701965332,19,25
RS232-T2200,RS232,top.iRECEIVER.state,15,0.5857864417795234,0.70710677,0.04204440116882324,6,5
RS232-T2200,RS232,top.iXMIT.bitCell_cntrH,16,0.5857864417795234,0.70710677,0.040308237075805664,18,18
RS232-T2200,RS232,top.iXMIT.bitCountH,17,0.5857864417795234,0.70710677,0.04227399826049805,20,21
RS232-T2200,RS232,top.iXMIT.countEnaH,18,0.5857864417795234,0.70710677,0.048787832260131836,32,41
RS232-T2200,RS232,top.iXMIT.ena_bitCountH,19,0.5857864417795234,0.70710677,0.04423832893371582,28,35
RS232-T2200,RS232,top.iXMIT.load_shiftRegH,20,0.5857864417795234,0.70710677,0.025869369506835938,22,28
RS232-T2200,RS232,top.iXMIT.next_state,21,0.5857864417795234,0.70710677,0.04811882972717285,44,49
RS232-T2200,RS232,top.iXMIT.rst_bitCountH,22,0.5857864417795234,0.70710677,0.03522348403930664,22,28
RS232-T2200,RS232,top.iXMIT.shiftEnaH,23,0.5857864417795234,0.70710677,0.04485297203063965,19,25
RS232-T2200,RS232,top.iXMIT.state,24,0.5857864417795234,0.70710677,0.036876678466796875,6,5
RS232-T2200,RS232,top.iXMIT.uart_xmitH,25,0.5857864417795234,0.70710677,0.039441823959350586,18,19
RS232-T2200,RS232,top.iXMIT.xmit_doneH,26,0.5857864417795234,0.70710677,0.04647564888000488,6,5
RS232-T2200,RS232,top.iXMIT.xmit_doneInH,27,0.5857864417795234,0.70710677,0.05507850646972656,27,34
RS232-T2200,RS232,top.iXMIT.xmit_ShiftRegH,28,0.5857864417795234,0.70710677,0.06911778450012207,105,146
RS232-T2200,RS232,top.iXMIT.xmitDataSelH,29,0.5857864417795234,0.70710677,0.046605587005615234,22,26
RS232-T2200,RS232,top.rec_dataH,30,0.5857864417795234,0.70710677,0.029621362686157227,6,5
RS232-T2200,RS232,top.rec_dataH_temp,31,0.5600417290308849,0.78558123,0.04555153846740723,6,5
RS232-T2300,RS232,top.iRECEIVER.bitCell_cntrH,0,0.5857864417795234,0.70710677,0.03348517417907715,11,10
RS232-T2300,RS232,top.iRECEIVER.cntr_resetH,1,0.5388955209162616,0.85564727,0.05731511116027832,28,35
RS232-T2300,RS232,top.iRECEIVER.countH,2,0.5055227430178075,0.97815037,0.05317544937133789,19,25
RS232-T2300,RS232,top.iRECEIVER.ena,3,0.527174809255483,0.896904,0.043071746826171875,24,30
RS232-T2300,RS232,top.iRECEIVER.next_state,4,0.35810361592695966,1.7924879,0.02943897247314453,44,49
RS232-T2300,RS232,top.iRECEIVER.par_dataH,5,0.5857864417795234,0.70710677,0.04898834228515625,13,13
RS232-T2300,RS232,top.iRECEIVER.rec_dataH,6,0.3017194677029986,2.314337,0.025498628616333008,5,4
RS232-T2300,RS232,top.iRECEIVER.rec_datH,7,0.5857864417795234,0.70710677,0.046315670013427734,6,5
RS232-T2300,RS232,top.iRECEIVER.rec_datSyncH,8,0.5857864417795234,0.70710677,0.019773006439208984,6,5
RS232-T2300,RS232,top.iRECEIVER.rec_readyH,9,0.3519405694839884,1.8413888,0.025777339935302734,5,4
RS232-T2300,RS232,top.iRECEIVER.rec_readyH_temp,10,0.5676700167913391,0.7615868,0.043349266052246094,6,5
RS232-T2300,RS232,top.iRECEIVER.rec_readyInH,11,0.5831756562805475,0.7147492,0.03448295593261719,24,30
RS232-T2300,RS232,top.iRECEIVER.recd_bitCntrH,12,0.5857864417795234,0.70710677,0.03172707557678223,13,13
RS232-T2300,RS232,top.iRECEIVER.rstCountH,13,0.5269577159960939,0.89768547,0.035265445709228516,23,29
RS232-T2300,RS232,top.iRECEIVER.shiftH,14,0.5055227430178075,0.97815037,0.02471780776977539,19,25
RS232-T2300,RS232,top.iRECEIVER.state,15,0.5857864417795234,0.70710677,0.033367156982421875,6,5
RS232-T2300,RS232,top.iXMIT.bitCell_cntrH,16,0.5857864417795234,0.70710677,0.04544639587402344,18,18
RS232-T2300,RS232,top.iXMIT.bitCountH,17,0.5857864417795234,0.70710677,0.031085968017578125,20,21
RS232-T2300,RS232,top.iXMIT.countEnaH,18,0.5857864417795234,0.70710677,0.04812932014465332,32,41
RS232-T2300,RS232,top.iXMIT.ena_bitCountH,19,0.5857864417795234,0.70710677,0.04070901870727539,28,35
RS232-T2300,RS232,top.iXMIT.load_shiftRegH,20,0.5857864417795234,0.70710677,0.03741288185119629,22,28
RS232-T2300,RS232,top.iXMIT.next_state,21,0.5857864417795234,0.70710677,0.04884839057922363,44,49
RS232-T2300,RS232,top.iXMIT.rst_bitCountH,22,0.5857864417795234,0.70710677,0.03977656364440918,22,28
RS232-T2300,RS232,top.iXMIT.shiftEnaH,23,0.5857864417795234,0.70710677,0.03559136390686035,19,25
RS232-T2300,RS232,top.iXMIT.state,24,0.5857864417795234,0.70710677,0.03543901443481445,6,5
RS232-T2300,RS232,top.iXMIT.uart_xmitH,25,0.5857864417795234,0.70710677,0.03382754325866699,18,19
RS232-T2300,RS232,top.iXMIT.xmit_doneH,26,0.5857864417795234,0.70710677,0.028400897979736328,6,5
RS232-T2300,RS232,top.iXMIT.xmit_doneInH,27,0.5857864417795234,0.70710677,0.02657294273376465,27,34
RS232-T2300,RS232,top.iXMIT.xmit_ShiftRegH,28,0.5857864417795234,0.70710677,0.08816695213317871,105,146
RS232-T2300,RS232,top.iXMIT.xmitDataSelH,29,0.5857864417795234,0.70710677,0.04293346405029297,22,26
RS232-T2300,RS232,top.rec_dataH,30,0.5857864417795234,0.70710677,0.023408889770507812,6,5
RS232-T2300,RS232,top.rec_dataH_temp,31,0.5600417290308849,0.78558123,0.031020402908325195,6,5
RS232-T2400,RS232,top.iRECEIVER.bitCell_cntrH,0,0.5857864417795234,0.70710677,0.03449440002441406,11,10
RS232-T2400,RS232,top.iRECEIVER.cntr_resetH,1,0.5388955209162616,0.85564727,0.06980586051940918,28,35
RS232-T2400,RS232,top.iRECEIVER.countH,2,0.5055227430178075,0.97815037,0.03499317169189453,19,25
RS232-T2400,RS232,top.iRECEIVER.ena,3,0.41733022736381437,1.396184,0.049413204193115234,22,27
RS232-T2400,RS232,top.iRECEIVER.next_state,4,0.35810361592695966,1.7924879,0.04109382629394531,44,49
RS232-T2400,RS232,top.iRECEIVER.par_dataH,5,0.5857864417795234,0.70710677,0.046386003494262695,13,13
RS232-T2400,RS232,top.iRECEIVER.rec_data_cntrH_1,6,0.4235791673334054,1.3608338,0.04136085510253906,18,20
RS232-T2400,RS232,top.iRECEIVER.rec_data_cntrH_2,7,0.42559993927979384,1.3496244,0.022784948348999023,20,23
RS232-T2400,RS232,top.iRECEIVER.rec_dataH,8,0.3017194677029986,2.314337,0.036142826080322266,5,4
RS232-T2400,RS232,top.iRECEIVER.rec_datH,9,0.5857864417795234,0.70710677,0.03924131393432617,6,5
RS232-T2400,RS232,top.iRECEIVER.rec_datSyncH,10,0.5857864417795234,0.70710677,0.0226595401763916,6,5
RS232-T2400,RS232,top.iRECEIVER.rec_readyH,11,0.3519405694839884,1.8413888,0.03235316276550293,5,4
RS232-T2400,RS232,top.iRECEIVER.rec_readyH_temp,12,0.5676700167913391,0.7615868,0.027792930603027344,6,5
RS232-T2400,RS232,top.iRECEIVER.rec_readyInH,13,0.5831756562805475,0.7147492,0.045345306396484375,24,30
RS232-T2400,RS232,top.iRECEIVER.recd_bitCntrH,14,0.5857864417795234,0.70710677,0.0281069278717041,13,13
RS232-T2400,RS232,top.iRECEIVER.rstCountH,15,0.5269577159960939,0.89768547,0.044037818908691406,23,29
RS232-T2400,RS232,top.iRECEIVER.shiftH,16,0.5055227430178075,0.97815037,0.04880023002624512,19,25
RS232-T2400,RS232,top.iRECEIVER.state,17,0.5857864417795234,0.70710677,0.03584885597229004,6,5
RS232-T2400,RS232,top.iXMIT.bitCell_cntrH,18,0.5857864417795234,0.70710677,0.039671897888183594,18,18
RS232-T2400,RS232,top.iXMIT.bitCountH,19,0.5857864417795234,0.70710677,0.0277864933013916,20,21
RS232-T2400,RS232,top.iXMIT.countEnaH,20,0.5857864417795234,0.70710677,0.0397343635559082,32,41
RS232-T2400,RS232,top.iXMIT.ena_bitCountH,21,0.5857864417795234,0.70710677,0.029453516006469727,28,35
RS232-T2400,RS232,top.iXMIT.load_shiftRegH,22,0.5857864417795234,0.70710677,0.030902862548828125,22,28
RS232-T2400,RS232,top.iXMIT.next_state,23,0.5857864417795234,0.70710677,0.0542449951171875,44,49
RS232-T2400,RS232,top.iXMIT.rst_bitCountH,24,0.5857864417795234,0.70710677,0.033445119857788086,22,28
RS232-T2400,RS232,top.iXMIT.shiftEnaH,25,0.5857864417795234,0.70710677,0.029685020446777344,19,25
RS232-T2400,RS232,top.iXMIT.state,26,0.5857864417795234,0.70710677,0.024312734603881836,6,5
RS232-T2400,RS232,top.iXMIT.uart_xmitH,27,0.5857864417795234,0.70710677,0.031603336334228516,18,19
RS232-T2400,RS232,top.iXMIT.xmit_doneH,28,0.5857864417795234,0.70710677,0.04814648628234863,6,5
RS232-T2400,RS232,top.iXMIT.xmit_doneInH,29,0.5857864417795234,0.70710677,0.02911520004272461,27,34
RS232-T2400,RS232,top.iXMIT.xmit_ShiftRegH,30,0.5857864417795234,0.70710677,0.07991933822631836,105,146
RS232-T2400,RS232,top.iXMIT.xmitDataSelH,31,0.5857864417795234,0.70710677,0.02790069580078125,22,26
RS232-T2400,RS232,top.rec_dataH,32,0.5857864417795234,0.70710677,0.030927658081054688,6,5
RS232-T2400,RS232,top.rec_dataH_temp,33,0.5600417290308849,0.78558123,0.016187191009521484,6,5
RS232-T300,RS232,top.iRECEIVER.bitCell_cntrH,0,0.5857864417795234,0.70710677,0.030417919158935547,11,10
RS232-T300,RS232,top.iRECEIVER.cntr_resetH,1,0.5388955209162616,0.85564727,0.02973031997680664,28,35
RS232-T300,RS232,top.iRECEIVER.countH,2,0.5055227430178075,0.97815037,0.06861066818237305,19,25
RS232-T300,RS232,top.iRECEIVER.next_state,3,0.35810361592695966,1.7924879,0.041585445404052734,44,49
RS232-T300,RS232,top.iRECEIVER.par_dataH,4,0.5857864417795234,0.70710677,0.04866790771484375,13,13
RS232-T300,RS232,top.iRECEIVER.rec_datH,5,0.5857864417795234,0.70710677,0.014066219329833984,6,5
RS232-T300,RS232,top.iRECEIVER.rec_datSyncH,6,0.5857864417795234,0.70710677,0.03885650634765625,6,5
RS232-T300,RS232,top.iRECEIVER.rec_readyH,7,0.5857864417795234,0.70710677,0.026513099670410156,6,5
RS232-T300,RS232,top.iRECEIVER.rec_readyInH,8,0.5831756562805475,0.7147492,0.02801227569580078,24,30
RS232-T300,RS232,top.iRECEIVER.recd_bitCntrH,9,0.5857864417795234,0.70710677,0.04817938804626465,13,13
RS232-T300,RS232,top.iRECEIVER.rstCountH,10,0.5269577159960939,0.89768547,0.042668819427490234,23,29
RS232-T300,RS232,top.iRECEIVER.shiftH,11,0.5055227430178075,0.97815037,0.04493522644042969,19,25
RS232-T300,RS232,top.iRECEIVER.state,12,0.5857864417795234,0.70710677,0.022455692291259766,6,5
RS232-T300,RS232,top.iXMIT.bitCell_cntrH,13,0.5857864417795234,0.70710677,0.02958059310913086,18,18
RS232-T300,RS232,top.iXMIT.bitCountH,14,0.5857864417795234,0.70710677,0.02678847312927246,20,21
RS232-T300,RS232,top.iXMIT.countEnaH,15,0.5857864417795234,0.70710677,0.04357576370239258,32,41
RS232-T300,RS232,top.iXMIT.ena_bitCountH,16,0.5857864417795234,0.70710677,0.04380941390991211,28,35
RS232-T300,RS232,top.iXMIT.load_shiftRegH,17,0.5857864417795234,0.70710677,0.042877912521362305,22,28
RS232-T300,RS232,top.iXMIT.next_state,18,0.5857864417795234,0.70710677,0.04619479179382324,44,49
RS232-T300,RS232,top.iXMIT.rst_bitCountH,19,0.5857864417795234,0.70710677,0.03220629692077637,22,28
RS232-T300,RS232,top.iXMIT.shiftEnaH,20,0.5857864417795234,0.70710677,0.03885769844055176,19,25
RS232-T300,RS232,top.iXMIT.state,21,0.5857864417795234,0.70710677,0.022259235382080078,6,5
RS232-T300,RS232,top.iXMIT.uart_xmitH,22,0.3122121328423656,2.2029505,0.047251224517822266,20,24
RS232-T300,RS232,top.iXMIT.xmit_doneH,23,0.5857864417795234,0.70710677,0.045270681381225586,6,5
RS232-T300,RS232,top.iXMIT.xmit_doneInH,24,0.5857864417795234,0.70710677,0.11153769493103027,27,34
RS232-T300,RS232,top.iXMIT.xmit_ShiftRegH,25,0.5857864417795234,0.70710677,0.12254667282104492,105,146
RS232-T300,RS232,top.iXMIT.xmitDataSelH,26,0.5857864417795234,0.70710677,0.045892953872680664,22,26
RS232-T300,RS232,top.rec_dataH,27,0.5857864417795234,0.70710677,0.026888370513916016,6,5
RS232-T300,RS232,top.rec_dataH_temp,28,0.5857864417795234,0.70710677,0.023720264434814453,6,5
RS232-T400,RS232,top.cntr,0,0.2945495912455026,2.395014,0.0320429801940918,17,17
RS232-T400,RS232,top.iRECEIVER.bitCell_cntrH,1,0.5857864417795234,0.70710677,0.08276653289794922,11,10
RS232-T400,RS232,top.iRECEIVER.cntr_resetH,2,0.5388955209162616,0.85564727,0.07224369049072266,28,35
RS232-T400,RS232,top.iRECEIVER.countH,3,0.5055227430178075,0.97815037,0.03885245323181152,19,25
RS232-T400,RS232,top.iRECEIVER.next_state,4,0.35810361592695966,1.7924879,0.037453651428222656,44,49
RS232-T400,RS232,top.iRECEIVER.par_dataH,5,0.5857864417795234,0.70710677,0.03222155570983887,13,13
RS232-T400,RS232,top.iRECEIVER.rec_datH,6,0.5857864417795234,0.70710677,0.030647754669189453,6,5
RS232-T400,RS232,top.iRECEIVER.rec_datSyncH,7,0.5857864417795234,0.70710677,0.016465425491333008,6,5
RS232-T400,RS232,top.iRECEIVER.rec_readyH,8,0.5857864417795234,0.70710677,0.04545474052429199,6,5
RS232-T400,RS232,top.iRECEIVER.rec_readyInH,9,0.5831756562805475,0.7147492,0.040419816970825195,24,30
RS232-T400,RS232,top.iRECEIVER.recd_bitCntrH,10,0.5857864417795234,0.70710677,0.022792339324951172,13,13
RS232-T400,RS232,top.iRECEIVER.rstCountH,11,0.5269577159960939,0.89768547,0.028059959411621094,23,29
RS232-T400,RS232,top.iRECEIVER.shiftH,12,0.5055227430178075,0.97815037,0.04129195213317871,19,25
RS232-T400,RS232,top.iRECEIVER.state,13,0.5857864417795234,0.70710677,0.022803544998168945,6,5
RS232-T400,RS232,top.iXMIT.bitCell_cntrH,14,0.5857864417795234,0.70710677,0.04021501541137695,18,18
RS232-T400,RS232,top.iXMIT.bitCountH,15,0.5857864417795234,0.70710677,0.022467374801635742,20,21
RS232-T400,RS232,top.iXMIT.countEnaH,16,0.5857864417795234,0.70710677,0.05646920204162598,32,41
RS232-T400,RS232,top.iXMIT.ena_bitCountH,17,0.5857864417795234,0.70710677,0.048491716384887695,28,35
RS232-T400,RS232,top.iXMIT.load_shiftRegH,18,0.5857864417795234,0.70710677,0.040796518325805664,22,28
RS232-T400,RS232,top.iXMIT.next_state,19,0.5857864417795234,0.70710677,0.043341875076293945,44,49
RS232-T400,RS232,top.iXMIT.rst_bitCountH,20,0.5857864417795234,0.70710677,0.045316219329833984,22,28
RS232-T400,RS232,top.iXMIT.shiftEnaH,21,0.5857864417795234,0.70710677,0.037790536880493164,19,25
RS232-T400,RS232,top.iXMIT.state,22,0.5857864417795234,0.70710677,0.026037931442260742,6,5
RS232-T400,RS232,top.iXMIT.uart_xmitH,23,0.3226083695959419,2.0997336,0.04474329948425293,24,29
RS232-T400,RS232,top.iXMIT.xmit_doneH,24,0.5857864417795234,0.70710677,0.022481679916381836,6,5
RS232-T400,RS232,top.iXMIT.xmit_doneInH,25,0.5857864417795234,0.70710677,0.029054641723632812,27,34
RS232-T400,RS232,top.iXMIT.xmit_ShiftRegH,26,0.5857864417795234,0.70710677,0.07195520401000977,105,146
RS232-T400,RS232,top.iXMIT.xmitDataSelH,27,0.5857864417795234,0.70710677,0.051033973693847656,22,26
RS232-T400,RS232,top.rec_dataH,28,0.5857864417795234,0.70710677,0.03164219856262207,6,5
RS232-T400,RS232,top.rec_dataH_temp,29,0.32047862007048644,2.120333,0.045354604721069336,19,19
RS232-T500,RS232,top.iRECEIVER.bitCell_cntrH,0,0.5857864417795234,0.70710677,0.04256486892700195,11,10
RS232-T500,RS232,top.iRECEIVER.cntr_resetH,1,0.5388955209162616,0.85564727,0.06292152404785156,28,35
RS232-T500,RS232,top.iRECEIVER.countH,2,0.5055227430178075,0.97815037,0.0444333553314209,19,25
RS232-T500,RS232,top.iRECEIVER.next_state,3,0.35810361592695966,1.7924879,0.06455016136169434,44,49
RS232-T500,RS232,top.iRECEIVER.par_dataH,4,0.5857864417795234,0.70710677,0.03566145896911621,13,13
RS232-T500,RS232,top.iRECEIVER.rec_datH,5,0.5857864417795234,0.70710677,0.033756256103515625,6,5
RS232-T500,RS232,top.iRECEIVER.rec_datSyncH,6,0.5857864417795234,0.70710677,0.036333560943603516,6,5
RS232-T500,RS232,top.iRECEIVER.rec_readyH,7,0.5857864417795234,0.70710677,0.03784680366516113,6,5
RS232-T500,RS232,top.iRECEIVER.rec_readyInH,8,0.5831756562805475,0.7147492,0.04333043098449707,24,30
RS232-T500,RS232,top.iRECEIVER.recd_bitCntrH,9,0.5857864417795234,0.70710677,0.05999922752380371,13,13
RS232-T500,RS232,top.iRECEIVER.rstCountH,10,0.5269577159960939,0.89768547,0.042860984802246094,23,29
RS232-T500,RS232,top.iRECEIVER.shiftH,11,0.5055227430178075,0.97815037,0.02675938606262207,19,25
RS232-T500,RS232,top.iRECEIVER.state,12,0.5857864417795234,0.70710677,0.023428916931152344,6,5
RS232-T500,RS232,top.iXMIT.bitCell_cntrH,13,0.5857864417795234,0.70710677,0.04203319549560547,18,18
RS232-T500,RS232,top.iXMIT.bitCountH,14,0.5857864417795234,0.70710677,0.0296785831451416,20,21
RS232-T500,RS232,top.iXMIT.count_in,15,0.35812693040140225,1.7923061,0.023273468017578125,11,12
RS232-T500,RS232,top.iXMIT.countEnaH,16,0.5857864417795234,0.70710677,0.051910400390625,32,41
RS232-T500,RS232,top.iXMIT.DataSend_ena,17,0.34532296863193807,1.8958398,0.030867815017700195,11,10
RS232-T500,RS232,top.iXMIT.ena_bitCountH,18,0.5857864417795234,0.70710677,0.048148393630981445,28,35
RS232-T500,RS232,top.iXMIT.load_shiftRegH,19,0.5857864417795234,0.70710677,0.0251309871673584,22,28
RS232-T500,RS232,top.iXMIT.next_state,20,0.5857864417795234,0.70710677,0.06561756134033203,44,49
RS232-T500,RS232,top.iXMIT.rst_bitCountH,21,0.5857864417795234,0.70710677,0.042626380920410156,22,28
RS232-T500,RS232,top.iXMIT.shiftEnaH,22,0.5857864417795234,0.70710677,0.035741567611694336,19,25
RS232-T500,RS232,top.iXMIT.state,23,0.5857864417795234,0.70710677,0.043103694915771484,6,5
RS232-T500,RS232,top.iXMIT.uart_xmitH,24,0.3226083695959419,2.0997336,0.05657482147216797,24,29
RS232-T500,RS232,top.iXMIT.xmit_doneH,25,0.413557082985297,1.4180459,0.04388904571533203,11,10
RS232-T500,RS232,top.iXMIT.xmit_doneInH,26,0.5857864417795234,0.70710677,0.039457082748413086,27,34
RS232-T500,RS232,top.iXMIT.xmit_ShiftRegH,27,0.34761992712362333,1.876705,0.1410531997680664,99,137
RS232-T500,RS232,top.iXMIT.xmitDataSelH,28,0.5857864417795234,0.70710677,0.0903322696685791,22,26
RS232-T500,RS232,top.rec_dataH,29,0.5857864417795234,0.70710677,0.05389857292175293,6,5
RS232-T500,RS232,top.rec_dataH_temp,30,0.5857864417795234,0.70710677,0.06352353096008301,6,5
RS232-T600,RS232,top.iRECEIVER.bitCell_cntrH,0,0.5857864417795234,0.70710677,0.0690765380859375,11,10
RS232-T600,RS232,top.iRECEIVER.cntr_resetH,1,0.5388955209162616,0.85564727,0.07979702949523926,28,35
RS232-T600,RS232,top.iRECEIVER.countH,2,0.5055227430178075,0.97815037,0.08457565307617188,19,25
RS232-T600,RS232,top.iRECEIVER.next_state,3,0.35810361592695966,1.7924879,0.09649968147277832,44,49
RS232-T600,RS232,top.iRECEIVER.par_dataH,4,0.5857864417795234,0.70710677,0.030337095260620117,13,13
RS232-T600,RS232,top.iRECEIVER.rec_datH,5,0.5857864417795234,0.70710677,0.0382840633392334,6,5
RS232-T600,RS232,top.iRECEIVER.rec_datSyncH,6,0.5857864417795234,0.70710677,0.023808956146240234,6,5
RS232-T600,RS232,top.iRECEIVER.rec_readyH,7,0.5857864417795234,0.70710677,0.02959418296813965,6,5
RS232-T600,RS232,top.iRECEIVER.rec_readyInH,8,0.5831756562805475,0.7147492,0.039307355880737305,24,30
RS232-T600,RS232,top.iRECEIVER.recd_bitCntrH,9,0.5857864417795234,0.70710677,0.06674933433532715,13,13
RS232-T600,RS232,top.iRECEIVER.rstCountH,10,0.5269577159960939,0.89768547,0.05282783508300781,23,29
RS232-T600,RS232,top.iRECEIVER.shiftH,11,0.5055227430178075,0.97815037,0.036982059478759766,19,25
RS232-T600,RS232,top.iRECEIVER.state,12,0.5857864417795234,0.70710677,0.02935314178466797,6,5
RS232-T600,RS232,top.iXMIT.bitCell_cntrH,13,0.3286120001125066,2.0431025,0.04660987854003906,23,27
RS232-T600,RS232,top.iXMIT.bitCountH,14,0.3232597512128491,2.0934875,0.04448676109313965,25,30
RS232-T600,RS232,top.iXMIT.countEnaH,15,0.32359214636908323,2.0903099,0.06627106666564941,38,50
RS232-T600,RS232,top.iXMIT.DataSend_ena,16,0.3450358703532429,1.8982494,0.037333011627197266,11,10
RS232-T600,RS232,top.iXMIT.ena_bitCountH,17,0.3717448811342378,1.6900169,0.03473091125488281,33,44
RS232-T600,RS232,top.iXMIT.load_shiftRegH,18,0.33272510029816166,2.005484,0.053409576416015625,28,37
RS232-T600,RS232,top.iXMIT.next_state,19,0.3164751240588396,2.159806,0.0462338924407959,48,58
RS232-T600,RS232,top.iXMIT.rst_bitCountH,20,0.33243991627623265,2.0080624,0.045392751693725586,28,37
RS232-T600,RS232,top.iXMIT.shiftEnaH,21,0.34807275321899356,1.8729626,0.04469919204711914,26,34
RS232-T600,RS232,top.iXMIT.state,22,0.5857864417795234,0.70710677,0.032775163650512695,6,5
RS232-T600,RS232,top.iXMIT.state_DataSend,23,0.2994984799447318,2.338915,0.05334281921386719,49,58
RS232-T600,RS232,top.iXMIT.uart_xmitH,24,0.3226083695959419,2.0997336,0.036025047302246094,24,29
RS232-T600,RS232,top.iXMIT.xmit_doneH,25,0.4739857846212818,1.1097679,0.03351426124572754,9,8
RS232-T600,RS232,top.iXMIT.xmit_doneInH,26,0.32534849675299515,2.0736272,0.05170321464538574,32,43
RS232-T600,RS232,top.iXMIT.xmit_ShiftRegH,27,0.29956444886243394,2.3381798,0.09575390815734863,120,175
RS232-T600,RS232,top.iXMIT.xmitDataSelH,28,0.381100805396447,1.6239777,0.047151803970336914,29,35
RS232-T600,RS232,top.rec_dataH,29,0.5857864417795234,0.70710677,0.019411802291870117,6,5
RS232-T600,RS232,top.rec_dataH_temp,30,0.5857864417795234,0.70710677,0.03100275993347168,6,5
RS232-T700,RS232,top.iRECEIVER.bitCell_cntrH,0,0.5857864417795234,0.70710677,0.03957319259643555,11,10
RS232-T700,RS232,top.iRECEIVER.cntr_resetH,1,0.5388955209162616,0.85564727,0.05321955680847168,28,35
RS232-T700,RS232,top.iRECEIVER.countH,2,0.5055227430178075,0.97815037,0.04518914222717285,19,25
RS232-T700,RS232,top.iRECEIVER.next_state,3,0.35810361592695966,1.7924879,0.046987295150756836,44,49
RS232-T700,RS232,top.iRECEIVER.par_dataH,4,0.5857864417795234,0.70710677,0.03160595893859863,13,13
RS232-T700,RS232,top.iRECEIVER.rec_datH,5,0.5857864417795234,0.70710677,0.03065037727355957,6,5
RS232-T700,RS232,top.iRECEIVER.rec_datSyncH,6,0.5857864417795234,0.70710677,0.034632205963134766,6,5
RS232-T700,RS232,top.iRECEIVER.rec_readyH,7,0.5857864417795234,0.70710677,0.03475809097290039,6,5
RS232-T700,RS232,top.iRECEIVER.rec_readyInH,8,0.5831756562805475,0.7147492,0.02420330047607422,24,30
RS232-T700,RS232,top.iRECEIVER.recd_bitCntrH,9,0.5857864417795234,0.70710677,0.05201983451843262,13,13
RS232-T700,RS232,top.iRECEIVER.rstCountH,10,0.5269577159960939,0.89768547,0.03660702705383301,23,29
RS232-T700,RS232,top.iRECEIVER.shiftH,11,0.5055227430178075,0.97815037,0.033507585525512695,19,25
RS232-T700,RS232,top.iRECEIVER.state,12,0.5857864417795234,0.70710677,0.026154279708862305,6,5
RS232-T700,RS232,top.iXMIT.bitCell_cntrH,13,0.3286120001125066,2.0431025,0.03956270217895508,23,27
RS232-T700,RS232,top.iXMIT.bitCountH,14,0.3232597512128491,2.0934875,0.04333972930908203,25,30
RS232-T700,RS232,top.iXMIT.countEnaH,15,0.32359214636908323,2.0903099,0.058030128479003906,38,50
RS232-T700,RS232,top.iXMIT.DataSend_ena,16,0.3450358703532429,1.8982494,0.031008005142211914,11,10
RS232-T700,RS232,top.iXMIT.ena_bitCountH,17,0.3717448811342378,1.6900169,0.03493785858154297,33,44
RS232-T700,RS232,top.iXMIT.load_shiftRegH,18,0.33272510029816166,2.005484,0.030993223190307617,28,37
RS232-T700,RS232,top.iXMIT.next_state,19,0.3164751240588396,2.159806,0.0545656681060791,48,58
RS232-T700,RS232,top.iXMIT.rst_bitCountH,20,0.33243991627623265,2.0080624,0.03838372230529785,28,37
RS232-T700,RS232,top.iXMIT.shiftEnaH,21,0.34807275321899356,1.8729626,0.04915332794189453,26,34
RS232-T700,RS232,top.iXMIT.state,22,0.5857864417795234,0.70710677,0.02056288719177246,6,5
RS232-T700,RS232,top.iXMIT.state_DataSend,23,0.2994984799447318,2.338915,0.0551600456237793,49,58
RS232-T700,RS232,top.iXMIT.uart_xmitH,24,0.3226083695959419,2.0997336,0.026607036590576172,24,29
RS232-T700,RS232,top.iXMIT.xmit_doneH,25,0.4739857846212818,1.1097679,0.03884696960449219,9,8
RS232-T700,RS232,top.iXMIT.xmit_doneInH,26,0.32534849675299515,2.0736272,0.053763389587402344,32,43
RS232-T700,RS232,top.iXMIT.xmit_ShiftRegH,27,0.29956444886243394,2.3381798,0.08213448524475098,120,175
RS232-T700,RS232,top.iXMIT.xmitDataSelH,28,0.381100805396447,1.6239777,0.0518345832824707,29,35
RS232-T700,RS232,top.rec_dataH,29,0.5857864417795234,0.70710677,0.027254104614257812,6,5
RS232-T700,RS232,top.rec_dataH_temp,30,0.5857864417795234,0.70710677,0.030841350555419922,6,5
RS232-T800,RS232,top.iRECEIVER.bitCell_cntrH,0,0.5857864417795234,0.70710677,0.0498349666595459,11,10
RS232-T800,RS232,top.iRECEIVER.cntr_resetH,1,0.5388955209162616,0.85564727,0.06304621696472168,28,35
RS232-T800,RS232,top.iRECEIVER.countH,2,0.5055227430178075,0.97815037,0.04252171516418457,19,25
RS232-T800,RS232,top.iRECEIVER.next_state,3,0.35810361592695966,1.7924879,0.04577326774597168,44,49
RS232-T800,RS232,top.iRECEIVER.par_dataH,4,0.5857864417795234,0.70710677,0.030669689178466797,13,13
RS232-T800,RS232,top.iRECEIVER.rec_data_cntrH_1,5,0.27975887786535303,2.5745068,0.046765804290771484,33,39
RS232-T800,RS232,top.iRECEIVER.rec_data_cntrH_2,6,0.2853759766904052,2.5041492,0.05817365646362305,37,42
RS232-T800,RS232,top.iRECEIVER.rec_data_cntrH_3,7,0.3027506592325618,2.3030481,0.02438187599182129,14,15
RS232-T800,RS232,top.iRECEIVER.rec_datH,8,0.5857864417795234,0.70710677,0.0243375301361084,6,5
RS232-T800,RS232,top.iRECEIVER.rec_datSyncH,9,0.5857864417795234,0.70710677,0.031449079513549805,6,5
RS232-T800,RS232,top.iRECEIVER.rec_readyH,10,0.28854533950842565,2.4656599,0.04209589958190918,8,7
RS232-T800,RS232,top.iRECEIVER.rec_readyH_temp,11,0.5676700167913391,0.7615868,0.03048229217529297,6,5
RS232-T800,RS232,top.iRECEIVER.rec_readyInH,12,0.5831756562805475,0.7147492,0.0458981990814209,24,30
RS232-T800,RS232,top.iRECEIVER.recd_bitCntrH,13,0.5857864417795234,0.70710677,0.02031254768371582,13,13
RS232-T800,RS232,top.iRECEIVER.rstCountH,14,0.5269577159960939,0.89768547,0.0550687313079834,23,29
RS232-T800,RS232,top.iRECEIVER.shiftH,15,0.5055227430178075,0.97815037,0.037468910217285156,19,25
RS232-T800,RS232,top.iRECEIVER.state,16,0.5857864417795234,0.70710677,0.03160595893859863,6,5
RS232-T800,RS232,top.iXMIT.bitCell_cntrH,17,0.3286120001125066,2.0431025,0.03803229331970215,23,27
RS232-T800,RS232,top.iXMIT.bitCountH,18,0.3232597512128491,2.0934875,0.04149436950683594,25,30
RS232-T800,RS232,top.iXMIT.countEnaH,19,0.32359214636908323,2.0903099,0.07069945335388184,38,50
RS232-T800,RS232,top.iXMIT.ena_bitCountH,20,0.3717448811342378,1.6900169,0.05389833450317383,33,44
RS232-T800,RS232,top.iXMIT.load_shiftRegH,21,0.33272510029816166,2.005484,0.031311988830566406,28,37
RS232-T800,RS232,top.iXMIT.next_state,22,0.3164751240588396,2.159806,0.0634148120880127,48,58
RS232-T800,RS232,top.iXMIT.rst_bitCountH,23,0.33243991627623265,2.0080624,0.04570817947387695,28,37
RS232-T800,RS232,top.iXMIT.shiftEnaH,24,0.34807275321899356,1.8729626,0.03426647186279297,26,34
RS232-T800,RS232,top.iXMIT.state,25,0.5857864417795234,0.70710677,0.043935298919677734,6,5
RS232-T800,RS232,top.iXMIT.uart_xmitH,26,0.3226083695959419,2.0997336,0.04062223434448242,24,29
RS232-T800,RS232,top.iXMIT.xmit_doneH,27,0.5857864417795234,0.70710677,0.032141685485839844,6,5
RS232-T800,RS232,top.iXMIT.xmit_doneInH,28,0.32534849675299515,2.0736272,0.04593181610107422,32,43
RS232-T800,RS232,top.iXMIT.xmit_ShiftRegH,29,0.3062259309006077,2.2655628,0.09523844718933105,126,184
RS232-T800,RS232,top.iXMIT.xmitDataSelH,30,0.381100805396447,1.6239777,0.06135416030883789,29,35
RS232-T800,RS232,top.rec_dataH,31,0.5857864417795234,0.70710677,0.02300858497619629,6,5
RS232-T800,RS232,top.rec_dataH_temp,32,0.5857864417795234,0.70710677,0.027213573455810547,6,5
RS232-T900,RS232,top.iRECEIVER.bitCell_cntrH,0,0.5857864417795234,0.70710677,0.035640716552734375,11,10
RS232-T900,RS232,top.iRECEIVER.cntr_resetH,1,0.5388955209162616,0.85564727,0.0738677978515625,28,35
RS232-T900,RS232,top.iRECEIVER.countH,2,0.5055227430178075,0.97815037,0.0301511287689209,19,25
RS232-T900,RS232,top.iRECEIVER.next_state,3,0.35810361592695966,1.7924879,0.05790281295776367,44,49
RS232-T900,RS232,top.iRECEIVER.par_dataH,4,0.5857864417795234,0.70710677,0.03447318077087402,13,13
RS232-T900,RS232,top.iRECEIVER.rec_datH,5,0.5857864417795234,0.70710677,0.025075674057006836,6,5
RS232-T900,RS232,top.iRECEIVER.rec_datSyncH,6,0.5857864417795234,0.70710677,0.025753498077392578,6,5
RS232-T900,RS232,top.iRECEIVER.rec_readyH,7,0.5857864417795234,0.70710677,0.039458513259887695,6,5
RS232-T900,RS232,top.iRECEIVER.rec_readyInH,8,0.5831756562805475,0.7147492,0.0457150936126709,24,30
RS232-T900,RS232,top.iRECEIVER.recd_bitCntrH,9,0.5857864417795234,0.70710677,0.048400163650512695,13,13
RS232-T900,RS232,top.iRECEIVER.rstCountH,10,0.5269577159960939,0.89768547,0.06140947341918945,23,29
RS232-T900,RS232,top.iRECEIVER.shiftH,11,0.5055227430178075,0.97815037,0.04684853553771973,19,25
RS232-T900,RS232,top.iRECEIVER.state,12,0.5857864417795234,0.70710677,0.050312042236328125,6,5
RS232-T900,RS232,top.iXMIT.bitCell_cntrH,13,0.3286120001125066,2.0431025,0.05069565773010254,23,27
RS232-T900,RS232,top.iXMIT.bitCountH,14,0.3232597512128491,2.0934875,0.046478986740112305,25,30
RS232-T900,RS232,top.iXMIT.countEnaH,15,0.32359214636908323,2.0903099,0.0498502254486084,38,50
RS232-T900,RS232,top.iXMIT.ena_bitCountH,16,0.3717448811342378,1.6900169,0.037832021713256836,33,44
RS232-T900,RS232,top.iXMIT.load_shiftRegH,17,0.33272510029816166,2.005484,0.0466768741607666,28,37
RS232-T900,RS232,top.iXMIT.next_state,18,0.3164751240588396,2.159806,0.06630587577819824,48,58
RS232-T900,RS232,top.iXMIT.rst_bitCountH,19,0.33243991627623265,2.0080624,0.06529641151428223,28,37
RS232-T900,RS232,top.iXMIT.shiftEnaH,20,0.34807275321899356,1.8729626,0.0416717529296875,26,34
RS232-T900,RS232,top.iXMIT.state,21,0.5857864417795234,0.70710677,0.039572954177856445,6,5
RS232-T900,RS232,top.iXMIT.uart_xmitH,22,0.3226083695959419,2.0997336,0.03679037094116211,24,29
RS232-T900,RS232,top.iXMIT.xmit_doneH,23,0.5857864417795234,0.70710677,0.049959659576416016,6,5
RS232-T900,RS232,top.iXMIT.xmit_doneInH,24,0.32534849675299515,2.0736272,0.03033590316772461,32,43
RS232-T900,RS232,top.iXMIT.xmit_ShiftRegH,25,0.3062259309006077,2.2655628,0.07303690910339355,126,184
RS232-T900,RS232,top.iXMIT.xmitDataSelH,26,0.381100805396447,1.6239777,0.04601311683654785,29,35
RS232-T900,RS232,top.rec_dataH,27,0.5857864417795234,0.70710677,0.038678646087646484,6,5
RS232-T900,RS232,top.rec_dataH_temp,28,0.5857864417795234,0.70710677,0.03976178169250488,6,5
RS232-T901,RS232,top.iRECEIVER.bitCell_cntrH,0,0.5857864417795234,0.70710677,0.05332374572753906,11,10
RS232-T901,RS232,top.iRECEIVER.cntr_resetH,1,0.5388955209162616,0.85564727,0.05207014083862305,28,35
RS232-T901,RS232,top.iRECEIVER.countH,2,0.5055227430178075,0.97815037,0.04802536964416504,19,25
RS232-T901,RS232,top.iRECEIVER.next_state,3,0.35810361592695966,1.7924879,0.03171086311340332,44,49
RS232-T901,RS232,top.iRECEIVER.par_dataH,4,0.5857864417795234,0.70710677,0.048506736755371094,13,13
RS232-T901,RS232,top.iRECEIVER.rec_datH,5,0.5857864417795234,0.70710677,0.03774762153625488,6,5
RS232-T901,RS232,top.iRECEIVER.rec_datSyncH,6,0.5857864417795234,0.70710677,0.03593134880065918,6,5
RS232-T901,RS232,top.iRECEIVER.rec_readyH,7,0.5857864417795234,0.70710677,0.026351451873779297,6,5
RS232-T901,RS232,top.iRECEIVER.rec_readyInH,8,0.5831756562805475,0.7147492,0.02100396156311035,24,30
RS232-T901,RS232,top.iRECEIVER.recd_bitCntrH,9,0.5857864417795234,0.70710677,0.031190872192382812,13,13
RS232-T901,RS232,top.iRECEIVER.rstCountH,10,0.5269577159960939,0.89768547,0.03946423530578613,23,29
RS232-T901,RS232,top.iRECEIVER.shiftH,11,0.5055227430178075,0.97815037,0.039330482482910156,19,25
RS232-T901,RS232,top.iRECEIVER.state,12,0.5857864417795234,0.70710677,0.037384986877441406,6,5
RS232-T901,RS232,top.iXMIT.bitCell_cntrH,13,0.3286120001125066,2.0431025,0.03953146934509277,23,27
RS232-T901,RS232,top.iXMIT.bitCountH,14,0.3232597512128491,2.0934875,0.03907632827758789,25,30
RS232-T901,RS232,top.iXMIT.countEnaH,15,0.3078031995856333,2.2488291,0.054238319396972656,43,58
RS232-T901,RS232,top.iXMIT.DataSend_ena,16,0.3450358703532429,1.8982494,0.02284836769104004,11,10
RS232-T901,RS232,top.iXMIT.ena_bitCountH,17,0.3360565508370479,1.9756896,0.04633378982543945,36,49
RS232-T901,RS232,top.iXMIT.load_shiftRegH,18,0.3269122669730305,2.0589247,0.04371953010559082,31,42
RS232-T901,RS232,top.iXMIT.next_state,19,0.3101778512533597,2.2239568,0.07610464096069336,57,69
RS232-T901,RS232,top.iXMIT.rst_bitCountH,20,0.32680482688624946,2.0599303,0.036019086837768555,31,42
RS232-T901,RS232,top.iXMIT.shiftEnaH,21,0.3605735007055991,1.7733597,0.041292428970336914,29,39
RS232-T901,RS232,top.iXMIT.state,22,0.5857864417795234,0.70710677,0.03216814994812012,6,5
RS232-T901,RS232,top.iXMIT.state_DataSend,23,0.2977984392914359,2.357976,0.04099440574645996,50,60
RS232-T901,RS232,top.iXMIT.uart_xmitH,24,0.3226083695959419,2.0997336,0.04999256134033203,24,29
RS232-T901,RS232,top.iXMIT.xmit_doneH,25,0.5857864417795234,0.70710677,0.01964712142944336,6,5
RS232-T901,RS232,top.iXMIT.xmit_doneInH,26,0.3227615924305965,2.098262,0.05107593536376953,35,48
RS232-T901,RS232,top.iXMIT.xmit_ShiftRegH,27,0.3062259309006077,2.2655628,0.07712388038635254,126,184
RS232-T901,RS232,top.iXMIT.xmitDataSelH,28,0.31900607527906444,2.1347365,0.04654550552368164,37,46
RS232-T901,RS232,top.rec_dataH,29,0.5857864417795234,0.70710677,0.042832136154174805,6,5
RS232-T901,RS232,top.rec_dataH_temp,30,0.5857864417795234,0.70710677,0.029360055923461914,6,5
